"uoc_id","saf_id","A_juris","n_sup","acceso","contenido","unidad_dim1","unidad_dim2","unidad_dim3"
"101|98/00 - Dir. Compras",101,"Tucumán",194,0.0913760609081057,-0.463123433130391,0.330888173308391,-0.10475244239361,0.717434646660477
"103|91/00 - Departamento de Compras; Mantenimiento y Suministros",103,"CABA",77,0.179231850231006,-0.428392179902465,0.426177244220009,0.00150111728265939,0.934293478550004
"105|14 - Compras y Contrataciones - CNEA",105,"CABA",517,0.259770549017032,-0.379205224828069,0.426177244220012,0.00150111728265459,0.934293478550004
"105|14/1 - Centro Atómico Constituyentes - CNEA",105,"Buenos Aires",325,0.322480392035533,-0.320752632840152,0.147515535479959,-0.165344818768531,0.964005346733059
"105|14/2 - Centro Atómico Ezeiza - CNEA",105,"Buenos Aires",460,0.231725001547306,-0.429728139504836,0.147515535479952,-0.165344818768544,0.964005346733048
"105|14/3 - Centro Atómico Bariloche - CNEA",105,"Río Negro",476,0.218630194528035,-0.502181570000199,0.288155654809307,-0.15647312518243,0.987278942699003
"106|15 - Subgerencia de Compras y Contrataciones",106,"CABA",333,0.423459730999053,-0.231204310953808,1.06415945329935,-0.216225207115187,0.135143648729296
"107|74/00 - ADMINISTRACIÓN DE PARQUES NACIONALES - COORDINACIÓN DE CONTRATACIONES",107,"CABA",224,0.368325607771122,-0.195448581414183,0.986713801595042,-0.458773171000014,-0.375391434824272
"107|74/003 - Parque Nacional Lanin",107,"Neuquén",174,0.0510859178694646,-0.433386804958779,0.640197864970876,-0.850956391890135,-0.11003673586797
"107|74/01 - Departamento de Administracion  - Parque Nacional Nahuel Huapi",107,"Río Negro",167,0.0210343772057132,-0.389754054604758,0.848692212184326,-0.616747413465106,-0.322405970675275
"107|74/02 - IGUAZU- OFICINA DE ADMINISTRACION",107,"Misiones",89,-0.00129524760356872,-0.439018178017468,0.640197864970843,-0.850956391890155,-0.110036735867965
"107|74/04 - Parque Nacional Los Alerces",107,"Chubut",99,-0.0127111137143554,-0.419522541439438,0.848692212184334,-0.616747413465098,-0.322405970675272
"107|74/05 - Parque Nacional El Rey",107,"Salta",39,0.162646350991089,-0.589056372767265,0.47115675551597,-1.37605231195506,-0.36535575038273
"107|74/07 - INTENDENCIA TIERRA DEL FUEGO",107,"Tierra del Fuego",21,0.148780927934712,-0.325108557211171,0.640197864970858,-0.850956391890135,-0.110036735867975
"107|74/09 - INTENDENCIA LAGO PUELO",107,"Chubut",70,-0.00895217092293344,-0.469703958475209,0.574639864555364,-0.895244869651372,-0.298651419048395
"107|74/10 - INTENDENCIA EL PALMAR",107,"Entre Ríos",128,0.0950380007845628,-0.559917638810345,0.64019786497086,-0.850956391890136,-0.110036735867976
"107|74/11 - Dirección Regional Patagonia Norte - APN",107,"Río Negro",54,-0.0518643787588029,-0.567311889721762,0.574639864555355,-0.895244869651365,-0.298651419048401
"107|74/13 - PARQUE NACIONAL CAMPO DE LOS ALISOS",107,"Tucumán",26,-0.1268017041881,-0.510847764571544,0.640197864970862,-0.850956391890139,-0.110036735867978
"107|74/15 - Parque Nacional Sierra de las Quijadas - Dpto. Administracion",107,"San Luis",51,0.0676612989018392,-0.569983379216883,0.574639864555356,-0.895244869651368,-0.298651419048402
"107|74/16 - Delegación Centro DRC - APN",107,"CABA",21,-0.14093981481163,-0.226349288481949,0.778219454381567,-0.692982149425051,-0.163022200016977
"107|74/17 - Parque Nacional Talampaya",107,"La Rioja",71,0.000474699038456034,-0.627025929801308,0.536714755931475,-1.33176383419383,-0.176741067202305
"107|74/18 - CENTRO DE FORMACION Y CAPACITACION EMBALSE",107,"Córdoba",49,0.00468061689313374,-0.370551311802743,0.640197864970859,-0.850956391890135,-0.110036735867976
"107|74/19 - Parque Nacional El Leoncito",107,"San Juan",64,-0.0920163790245483,-0.59420156818879,0.574639864555355,-0.895244869651365,-0.298651419048401
"107|74/20 - Parque Nacional Quebrada del Condorito",107,"Córdoba",74,-0.029493651690489,-0.520486198808058,0.640197864970859,-0.850956391890135,-0.110036735867976
"107|74/21 - Monumento Natural Laguna de los Pozuelos",107,"Jujuy",27,-0.0508910845213594,-0.481171869725304,0.536714755931475,-1.33176383419383,-0.176741067202305
"107|74/24 - Direccion Regional NEA",107,"Misiones",28,-0.0956514499937971,-0.461952781388609,0.47115675551597,-1.37605231195506,-0.36535575038273
"107|74/25 - Parque Nacional Ciervo de los Pantanos",107,"Buenos Aires",97,0.139096984108126,-0.565704220098882,0.433999745226009,-0.904116563237476,-0.321925015014348
"107|74/26 - Parque Nacional Mburucuya",107,"Corrientes",61,0.0569665702894015,-0.569826521774157,0.47115675551597,-1.37605231195506,-0.36535575038273
"107|74/27 - Parque Nacional Chaco",107,"Chaco",101,0.0593381729418853,-0.53078726560023,0.574639864555355,-0.895244869651365,-0.298651419048401
"107|74/28 - Parque Nacional Río Pilcomayo",107,"Formosa",103,-0.0830889557960625,-0.590975601744293,0.47115675551597,-1.37605231195506,-0.36535575038273
"107|74/29 - Parque Nacional Laguna Blanca",107,"Catamarca",58,0.0134234589986858,-0.523443750142832,0.574639864555355,-0.895244869651365,-0.298651419048401
"107|74/30 - Parque Nacional Perito Moreno",107,"Santa Cruz",49,0.161587239122595,-0.610092819949763,0.47115675551597,-1.37605231195506,-0.36535575038273
"107|74/31 - Parque Nacional Lihué Calel",107,"La Pampa",89,0.0612279934044081,-0.56409778068595,0.574639864555355,-0.895244869651365,-0.298651419048401
"107|74/32 - PARQUE NACIONAL MONTE LEÓN",107,"Santa Cruz",59,-0.0774613992308686,-0.536300916096843,0.47115675551597,-1.37605231195506,-0.36535575038273
"107|74/33 - Monumento Natural Bosques Petrificados",107,"Santa Cruz",36,0.0862634645270293,-0.661638938553593,0.47115675551597,-1.37605231195506,-0.36535575038273
"107|74/34 - Direccion de Lucha Contra Incendios Forestales y Emergencias - Administración de Parques Nacionales",107,"CABA",158,0.169653483070683,-0.489557484504563,0.778219454381567,-0.692982149425051,-0.163022200016977
"107|74/35 - Parque Nacional Copo",107,"Chaco",92,-0.148017903055914,-0.532158906164433,0.47115675551597,-1.37605231195506,-0.36535575038273
"107|74/36 - Reserva Natural Formosa",107,"Formosa",52,-0.0698091082948934,-0.550632311925627,0.47115675551597,-1.37605231195506,-0.36535575038273
"107|74/37 - Parque Nacional San Guillermo",107,"San Juan",23,-0.0144219279673962,-0.680868643870728,0.536714755931475,-1.33176383419383,-0.176741067202305
"107|74/38 - Parque Interjurisdiccional Marino Costero Patagonia",107,"Chubut",30,-0.0679901549866874,-0.633823663319104,0.47115675551597,-1.37605231195506,-0.36535575038273
"107|74/40 - RESERVA NATURAL ESTRICTA SAN ANTONIO",107,"Misiones",22,0.0466723858504394,-0.518807150432069,0.640197864970859,-0.850956391890135,-0.110036735867976
"107|74/41 - Reserva Nacional Pizarro",107,"Salta",25,-0.0827849419941092,-0.637947148046771,0.574639864555355,-0.895244869651365,-0.298651419048401
"107|74/42 - Unidad de Compras - Parque Nacional Campos del Tuyú",107,"Buenos Aires",29,-0.0446571014755527,-0.588917487604045,0.330516636186624,-1.38492400554117,-0.388629346348677
"107|74/43 - Parque Nacional Patagonia",107,"Santa Cruz",32,0.045161705207744,-0.448822820193726,0.536714755931475,-1.33176383419383,-0.176741067202305
"107|74/44 - Parque Nacional el Impenetrable",107,"Chaco",61,-0.113630646149264,-0.591702408948946,0.47115675551597,-1.37605231195506,-0.36535575038273
"107|74/45 - Parque Nacional Islas de Santa Fe",107,"Santa Fe",46,-0.166257540948885,-0.721790034503549,0.47115675551597,-1.37605231195506,-0.36535575038273
"107|74/46 - Parque Nacional Iberá",107,"Corrientes",101,0.0607050192658119,-0.64851026493196,0.536714755931475,-1.33176383419383,-0.176741067202305
"107|74/47 - Dirección Regional Patagonia Austral - APN",107,"Santa Cruz",34,-0.041236333488081,-0.547960659583197,0.640197864970859,-0.850956391890135,-0.110036735867976
"107|74/48 - Parque Interjurisdiccional Marino Makenke",107,"Santa Cruz",20,0.21808972710142,-0.472525014562242,0.47115675551597,-1.37605231195506,-0.36535575038273
"107|74/49 - Unidad Coordinadora de Proyectos con Financiamiento Externo - UCEFE",107,"CABA",28,0.576829082365822,-0.375437799382215,0.883230692555658,-0.939580613303706,-0.442095766158601
"107|74/50 - Parque Nacional traslasierra",107,"Córdoba",43,-0.0796701553667671,-0.680325668364208,0.47115675551597,-1.37605231195506,-0.36535575038273
"107|74/52 - PARQUE FEDERAL CAMPO SAN JUAN",107,"Misiones",42,-0.0908205439414092,-0.55904846087996,0.574639864555355,-0.895244869651365,-0.298651419048401
"107|74/6 - Parque Nacional Calilegua",107,"Jujuy",45,0.0650610847064966,-0.589728062325981,0.640197864970859,-0.850956391890135,-0.110036735867976
"107|74/8 - Parque Nacional Los Glaciares",107,"Santa Cruz",43,0.062595604593211,-0.360680740914412,0.848692212184335,-0.616747413465099,-0.322405970675272
"108|75 - Instituto Nacional del Agua - Departamente Compras",108,"Buenos Aires",191,0.420173041554482,-0.358629895791488,0.967472000281722,0.182057186802083,0.685183876627887
"109|76/000 - Gerencia de Administración y Capital Humano - SIGEN",109,"CABA",175,0.262341764758816,-0.302790708608449,1.00174901131582,-0.691029789359651,0.662626672498333
"112|16/000 - Dirección General de Administración-ARN",112,"CABA",298,0.283794960687644,-0.303256845469416,1.1253735007839,0.544283250524435,0.240048555029377
"113|17 - Oficina de Compras- TNC",113,"CABA",306,0.138521701357932,-0.494947063614015,0.468909762719112,0.0532218000714833,0.664449182511479
"114|18 - Area Compras-INAES",114,"CABA",141,0.230378108157387,-0.258789454798765,1.35006437939901,-0.449205057669551,0.0448216902134956
"116|92 - Departamento de Compras y Contrataciones- BN",116,"CABA",208,0.201769302203432,-0.210719775116582,0.560987854625649,-0.233409073710711,0.120366271169066
"117|20 - Dirección General de Administración - INT",117,"CABA",50,0.212030128606705,-0.298464582680295,1.19404682712766,0.770876475684407,0.433115067699624
"120|491/0 - Dirección General Técnica y Administrativa - ADN",120,"CABA",31,0.399480226381807,-0.209497316930149,1.25744315460548,0.350991976559358,-0.415640637847765
"121|494 - Área de Compras y Contrataciones",121,"CABA",88,0.409385347848578,-0.192177855719197,1.24613370902178,0.348903122853277,0.655472008444834
"173|143/000 - AGENCIA NACIONAL DE PROMOCIÓN DE LA INVESTIGACIÓN; EL DESARROLLO TECNOLÓGICO Y LA INNOVACIÓN",173,"CABA",31,0.287921317196677,-0.0472047993932775,1.06415945329933,-0.216225207115184,0.135143648729291
"200|78/000 - División Compras",200,"CABA",140,0.516019919901833,-0.065765730051111,0.697046960598912,0.000777885087924604,-0.194046587288399
"201|21/000 - Dirección General de Administración - DNM",201,"CABA",283,0.230957336350292,-0.11104149724848,0.986713801595043,-0.458773171000015,-0.375391434824272
"202|182 - Departamento de Compras y Contrataciones- INADI",202,"CABA",83,0.163011390406821,-0.0750310525025556,1.39221761425174,0.108307519033845,0.970585797406581
"203|313/00 - AGENCIA NACIONAL DE SEGURIDAD VIAL - DEP. DE COMPRAS",203,"CABA",87,0.344942753306706,-0.158588377366415,1.43779851837461,-0.0196159515733572,-0.582970998009257
"205|392/000 - Dirección General de Administración - AABE",205,"CABA",163,0.248704149068934,-0.0859241901426452,1.61977277409705,0.545512378395103,-0.0626426382937141
"206|408 - Centro Internacional - CIPDH",206,"CABA",26,0.227398338102495,0.145404911324474,1.47995175322733,0.537896625130039,0.342793109183828
"207|454/000 - Subdirección de Compras y Contrataciones",207,"CABA",207,0.377685207438321,-0.0509649101509502,1.43779851837461,-0.0196159515733572,-0.582970998009257
"208|466/000 - Dirección Nacional de Administración",208,"CABA",97,0.274878305866272,-0.370484892578604,1.39221761425174,0.108307519033845,0.970585797406581
"209|490 - Agencia de Acceso a la Información Pública",209,"CABA",53,0.318868604881439,-0.284511117309483,1.47995175322733,0.537896625130039,0.342793109183828
"250|22 - Dpto de Compras y Suministros - Caja de Retiros Jubilaciones y Pensiones de la Policía Federal",250,"CABA",177,0.222949054184745,-0.51861119377627,0.0594613868328238,0.041980138202445,0.0581815505931345
"301|23/000 - Dirección General de Administración - SG",301,"CABA",317,0.340909818436756,-0.225607098765504,1.0814161029135,0.189961072650275,-1.01990310798224
"303|24/000 - Dirección General de Administración - SEDRONAR",303,"CABA",194,0.127066436996249,-0.269842292659906,0.810546386534602,0.190684304845007,0.108436957856159
"305|79/000 - Dirección General Técnico - Administrativa - JGM",305,"CABA",351,0.257722575879823,-0.106159117740178,1.44476668071747,0.199529185980738,-0.599689982944474
"307|26/000 - Dirección de Compras y Contrataciones - MRE",307,"CABA",381,0.20173773759303,-0.365664480319973,0.651928241047657,0.64189637547315,-0.433122512968826
"310|80/000 - Dirección General de Administración - MS",310,"CABA",270,0.597260210749071,0.243311181217901,0.505844335817694,0.882491979292582,-0.748236301930572
"310|80/12 - Compras y Contrataciones Internacionales - MSYDS",310,"CABA",22,0.586566835105105,0.052107277283797,0.402361226778309,0.401684536988892,-0.814940633264901
"311|95/000 - Dirección de Administración de Niñez; Adolescencia y Familia - SENNAF",311,"CABA",412,0.355701761066864,0.196263230946219,0.956929052597259,1.32164919871924,-0.955815865115557
"311|95/1 Dirección de Programas y Proyectos Sectoriales y Especiales de Niñez Adolescencia y Familia",311,"CABA",26,0.403368828498412,-0.254446031168839,0.853445943557874,0.84084175641555,-1.02252019644989
"317|262/000 - Dirección General de Administración Y Finanzas - MAD",317,"CABA",247,0.392494073157888,-0.244516657937752,1.53250081969307,0.629118292076933,-1.22748267116723
"321|27/000 - Dirección de Patrimonio y Suministros - INDEC",321,"CABA",155,0.38435973190271,-0.118898232289433,0.98743470768551,-0.236855198918035,-0.197507181365639
"322|28 -  Departamento de Compras y Patrimonio- MTU",322,"CABA",368,0.327818769493148,-0.207425397049457,1.53250081969307,0.629118292076933,-1.22748267116723
"323|29/000 - Dirección General de Administracion",323,"CABA",40,0.277023492923246,-0.473348288247924,0.755535594909257,0.0421599215990949,0.752011477454316
"325|81/100 - DIRECCIÓN GENERAL DE ADMINISTRACIÓN",325,"CABA",260,0.321655890464587,-0.241020115024063,0.791749261917372,0.649512128738214,-0.838558260446368
"326|30/00 - División Contrataciones - Policia Federal Argentina",326,"CABA",148,0.264107718647737,-0.30619319978457,0.267955734046299,0.276189116627481,-0.154187684214161
"327|451/000 - Dirección de Contrataciones",327,"CABA",142,0.291729225964218,-0.0600152294768101,1.03112400742083,1.45240887504991,-0.40731286780518
"328|Dirección de Compras y Contrataciones de Energía",328,"CABA",37,0.252115335705157,-0.136641209873766,0.651928241047657,0.64189637547315,-0.433122512968826
"330|82 - DIRECCIÓN GENERAL DE ADMINISTRACIÓN",330,"CABA",362,0.419447041006888,0.199582829183274,0.505844335817694,0.882491979292582,-0.748236301930572
"331|31/000 - Direccion de Contrataciones - SPF",331,"CABA",151,0.260219367866233,-0.453310404780402,0.267955734046299,0.276189116627481,-0.154187684214161
"332|32/000 - Dirección General de Administración - MJyDDHH",332,"CABA",229,0.222077320944131,-0.462201760084247,0.791749261917372,0.649512128738214,-0.838558260446368
"336|142/000 –Subsecretaria de Gestión Administrativa de Innovación; Ciencia y Tecnología",336,"CABA",147,0.368672999008186,-0.10456567310441,1.24659589359339,0.8620981426313,-1.13716071265143
"337|83/000 - Dirección General de Administración Financiera - MC",337,"CABA",641,0.232806273972313,-0.157329915702333,0.978506390848663,0.803116964667822,-0.342037664267186
"338|300/000 - Dirección General de Administración - SECLyT",338,"CABA",106,0.386668546216349,-0.235429856219919,1.26339035863594,0.755089402618735,-0.499574748266699
"341|263 - Unidad Operativa de Compras-SENAF",341,"CABA",122,0.18653146196772,-0.178500583828238,1.01207257140521,0.205748145715947,-0.0872132920159189
"343|347/000 - Dirección General de Administración - MS",343,"CABA",352,0.382492466869918,-0.292396870968063,0.813742752144324,1.36408057970443,-1.00627892055712
"345|380/000 - COMPRAS Y CONTRATACIONES - CNCPS",345,"CABA",50,0.395840560928844,-0.136193785153963,0.97123817628387,0.990842087700987,-0.214649551357052
"347|457/000 - SECRETARÍA DE MEDIOS Y COMUNICACIÓN PÚBLICA - COORD. COMPRAS Y CONTRATACIONES",347,"CABA",227,0.0552237748437484,0.00657097048640156,1.21232443505422,0.992110466944584,-0.654716563528193
"349|488 - Coordinación de Compras y Contrataciones",349,"CABA",71,0.0644050020391646,-0.0980096259799321,0.666237364734268,0.311089264454898,0.308043800789679
"350|33/000 - Dirección General de Administración - MT",350,"CABA",397,0.194126178792806,0.0411836271327972,0.505844335817694,0.882491979292582,-0.748236301930572
"357|34/000 - Dirección General de Administración - MHA",357,"CABA",206,0.421345241062185,-0.190216651103538,0.791749261917372,0.649512128738214,-0.838558260446368
"362|315/000 - Dirección General de Administración - MP",362,"CABA",219,0.22747758826332,0.104578299117068,1.24283397869694,1.08866934816487,-1.04613782363135
"363|334/000 - Coordinación de Compras y Contrataciones - MA",363,"CABA",124,0.383008965030902,-0.132190999296989,1.71447507541551,1.19424662204539,-0.707154311451684
"364|501/000-Ministerio de Obras Públicas",364,"CABA",116,0.323953792015937,-0.243346504073304,0.440218269771553,1.00563590235818,0.205702442857347
"365|502/000-Dirección de Compras y Contrataciones - MDTYH",365,"CABA",95,0.319927377823737,-0.278687674511435,1.03112400742083,1.45240887504991,-0.40731286780518
"366|450/000 - Dirección General de Administración y Finanzas",366,"CABA",80,0.555690397542472,-0.168017570570921,1.14365110871046,0.765517241784612,-0.847783076198439
"368|503 - SECRETARÍA DE COMUNICACIÓN Y MEDIOS - DIRECCIÓN DE COMPRAS; CONTRATACIONES; PATRIMONIO Y SUMINISTROS",368,"CABA",38,0.457609990088675,0.090980670027726,1.62674093643991,0.764657515949199,-0.0793616232289312
"370|35/000 - Dirección General de Administración - MD",370,"CABA",289,0.196192119000025,-0.515474774260742,0.443830529147413,0.231163325764795,-0.767674970100708
"371|72/00 - Dirección Administrativa Financiera- EMCFFAA- Dpto de contrataciones",371,"CABA",342,0.177487998839834,-0.656838036236764,0.194992903328928,0.0289879192910578,-0.577861403329168
"371|84/102 - DISTRITO ELECTORAL - MENDOZA",371,"Mendoza",43,0.081557963977444,-0.61061042865851,-0.217081033710759,-0.407483779360293,-0.501121387553297
"371|84/103 - DISTRITO ELECTORAL - MISIONES",371,"Misiones",35,0.0617342982852955,-0.711840787328976,-0.25500614233464,-0.844002743902753,-0.379211035707201
"371|84/104 - DISTRITO ELECTORAL - NEUQUEN",371,"Neuquén",28,0.118069573579766,-0.623781563381591,-0.0465117951211646,-0.609793765477717,-0.591580270514496
"371|84/105 - DISTRITO ELECTORAL - SALTA",371,"Salta",55,-0.0277134605861802,-0.591358345747513,-0.0465117951211646,-0.609793765477717,-0.591580270514496
"371|84/109 - COMANDO GENERAL ELECTORAL",371,"CABA",61,0.347090071910838,-0.495772558583617,0.194992903328928,0.0289879192910578,-0.577861403329168
"371|84/111 - DISTRITO ELECTORAL - RIO NEGRO",371,"Río Negro",27,0.105512540583699,-0.480419062400463,0.0569713139182204,-0.128986323174026,-0.524875939180168
"371|84/112 - DISTRITO ELECTORAL - SAN LUIS",371,"San Luis",42,0.0593234855306022,-0.659248592279143,-0.356902054580475,-0.415099532625356,-0.0956856400757552
"371|84/113 - DISTRITO ELECTORAL - SANTIAGO DEL ESTERO",371,"Santiago del Estero",45,-0.0753147448815619,-0.641305865391206,-0.356902054580475,-0.415099532625356,-0.0956856400757552
"371|84/114 - DISTRITO ELECTORAL - TIERRA DEL FUEGO",371,"Tierra del Fuego",26,-0.0243673328269016,-0.555243829109063,-0.320564142750144,-0.888291221663983,-0.567825718887626
"371|84/115 - DISTRITO ELECTORAL - SANTA CRUZ",371,"Santa Cruz",35,-0.00183562270964158,-0.600067301127645,-0.320564142750144,-0.888291221663983,-0.567825718887626
"371|84/116 - DISTRITO ELECTORAL - SANTA FE",371,"Santa Fe",43,0.218150260009849,-0.422999466434425,-0.25500614233464,-0.844002743902753,-0.379211035707201
"371|84/118 - DISTRITO ELECTORAL - CABA",371,"CABA",35,0.155502299255393,-0.650281550505492,-0.0135014438845471,-0.205221059133978,-0.365492168521873
"371|84/119 - DISTRITO ELECTORAL - CATAMARCA",371,"Catamarca",33,0.0213429953223238,-0.601456200533007,-0.320564142750144,-0.888291221663983,-0.567825718887626
"371|84/120 - DISTRITO ELECTORAL - CHACO",371,"Chaco",44,0.027151264566741,-0.709790438919268,-0.217081033710759,-0.407483779360293,-0.501121387553297
"371|84/121 - DISTRITO ELECTORAL - CHUBUT",371,"Chubut",28,0.192833002371021,-0.72353072885182,-0.151523033295255,-0.363195301599062,-0.312506704372872
"371|84/122 - DISTRITO ELECTORAL - CORDOBA",371,"Córdoba",40,0.12161730050781,-0.633972693524154,-0.151523033295255,-0.363195301599062,-0.312506704372872
"371|84/123 - DISTRITO ELECTORAL - CORRIENTES",371,"Corrientes",39,0.106122911372141,-0.71314127662008,-0.320564142750144,-0.888291221663983,-0.567825718887626
"371|84/124 - DISTRITO ELECTORAL - ENTRE RIOS",371,"Entre Ríos",32,0.0869150477817437,-0.656156545300598,-0.25500614233464,-0.844002743902753,-0.379211035707201
"371|84/126 - SUBDISTRITO ELECTORAL TIGRE",371,"Buenos Aires",28,0.213983769698457,-0.712826178497248,-0.395646261663986,-0.852874437488863,-0.402484631673148
"371|84/127 - SUBDISTRITO ELECTORAL BAHIA BLANCA",371,"Buenos Aires",24,-0.00264334891768552,-0.533245957879548,-0.395646261663986,-0.852874437488863,-0.402484631673148
"372|36 - Departamento de Compras y Contrataciones - CITEDEF",372,"Buenos Aires",89,0.169785697033085,-0.458576332117417,0.684464678959071,0.216872814522208,1.04015656866387
"374|84/03 - Comando de la 1ra División de Ejército",374,"CABA",163,-0.0230583393615119,-0.761698096062848,-0.472209394335566,-0.27076592311096,-0.439466335500753
"374|84/04 - Comando de la 2da División de Ejército",374,"Santa Fe",107,-0.00233882972730571,-0.695395332436233,-0.506747874706889,0.052067276727647,-0.319776540017424
"374|84/05 - Comando de la 3ra División de Ejército",374,"Entre Ríos",80,0.0324214600806572,-0.691935249326288,-0.336178636117294,-0.150242709389777,-0.410235422978623
"374|84/06 - Dirección General de Salud",374,"CABA",195,0.356013589329912,-0.500740167810755,-0.198157046706587,0.00773153307530659,-0.463220887127624
"374|84/07 - Dirección de Aviación de Ejercito - Ejercito Argentino",374,"Buenos Aires",284,0.190679835527914,-0.666877529210254,-0.647387994036235,0.0431955831415367,-0.343050135983371
"374|84/08 - Hospital General 602 Campo de Mayo",374,"Buenos Aires",178,0.270528519630283,-0.611625484468648,-0.373335646407255,0.321693039327803,-0.366804687610242
"374|84/11 - Liceo Militar General San Martin",374,"CABA",150,0.0130742552703548,-0.749010229787042,-0.303168284880677,0.254329996953961,-0.184147320986
"374|84/12 - Dirección de Ingenieros e Infraestructura",374,"CABA",129,0.273603430872918,-0.574361793246553,-0.0946739376672017,0.488538975378997,-0.396516555793295
"374|84/128 - Dirección General de Intendencia",374,"CABA",131,0.279426177000229,-0.658254458375201,-0.0946739376672017,0.488538975378997,-0.396516555793295
"374|84/129 - Dirección de Arsenales",374,"Buenos Aires",222,0.132694481644328,-0.712272659435979,-0.581829993620731,0.0874840609027673,-0.154435452802946
"374|84/13 - Dirección de Remonta y Veterinaria",374,"CABA",381,0.126541775291739,-0.559599252090959,-0.0946739376672017,0.488538975378997,-0.396516555793295
"374|84/134 - Comando de Adiestramiento y Alistamiento",374,"Buenos Aires",275,0.0536896497395262,-0.783469538290237,-0.647387994036235,0.0431955831415367,-0.343050135983371
"374|84/135 - Dirección General de Material",374,"CABA",215,0.220271959217144,-0.644603369309867,-0.368726285296181,0.210041519192731,-0.372762004166424
"374|84/136 COMANDO GUARNICIÓN MILITAR BUENOS AIRES",374,"CABA",134,0.0578808341604913,-0.790032811010608,-0.368726285296181,0.210041519192731,-0.372762004166424
"374|84/138 - Comando de la Fuerza de Despliegue Rápido",374,"Buenos Aires",96,0.0355289008979096,-0.746205555460687,-0.581829993620731,0.0874840609027673,-0.154435452802946
"374|84/140 - Comando de Brigada de Monte III",374,"Chaco",175,-0.0467175500552491,-0.767255784950119,-0.441189874291385,0.0963557544888776,-0.131161856836999
"374|84/141 - Jefatura Agrupación de Ingenieros 601",374,"Buenos Aires",62,0.121899701040871,-0.761145331611173,-0.787209014905951,0.0355798298764731,0.0623856114941707
"374|84/142 - Regimiento de Artillería 1",374,"Buenos Aires",35,0.0511614808080243,-0.836827206101908,-0.721651014490446,0.0798683076377035,0.251000294674596
"374|84/143-JEFATURA DE AGRUPACION DE ARTILLERIA DE CAMPAÑA 601",374,"Buenos Aires",54,-0.00731940804864368,-0.770210932255924,-0.75087110307562,-0.437611859162154,-0.4097544673177
"374|84/144-REGIMIENTO DE INFANTERIA 4",374,"Corrientes",23,0.12462753859875,-0.716138684783606,-0.610230983746274,-0.428740165576044,-0.386480871351753
"374|84/147 - ESCUELA MILITAR DE MONTE",374,"CABA",94,-0.115315250717105,-0.768312531694899,-0.472209394335566,-0.27076592311096,-0.439466335500753
"374|84/148 ESCUELA DE TROPAS AEROTRANSPORTADAS Y OPERACIONES ESPECIALES",374,"Buenos Aires",47,0.0136330786018976,-0.737160532406397,-0.75087110307562,-0.437611859162154,-0.4097544673177
"374|84/15 - Comando de Brigada Blindada I",374,"Buenos Aires",170,0.0320361561314381,-0.7472771799519,-0.647387994036235,0.0431955831415367,-0.343050135983371
"374|84/16 - Comando Brigada Blindada II",374,"Entre Ríos",205,0.0519932592803109,-0.73074708884856,-0.54467298333077,-0.384451687814813,-0.197866188171328
"374|84/17 - Comando Brigada de Montaña V",374,"Salta",233,0.00885980843865522,-0.728402144745329,-0.441189874291385,0.0963557544888776,-0.131161856836999
"374|84/18 - Comando de la Brigada de Montaña VI",374,"Neuquén",121,-0.0265829780560822,-0.717574133398809,-0.23269552707791,0.330564732913913,-0.343531091644294
"374|84/19 - Comando Brigada de Montaña VIII",374,"Mendoza",138,0.089292358248031,-0.719144029041743,-0.441189874291385,0.0963557544888776,-0.131161856836999
"374|84/20 - Comando Brigada Mecanizada IX",374,"Chubut",114,0.00905414862155138,-0.779957121043549,-0.441189874291385,0.0963557544888776,-0.131161856836999
"374|84/21 - Comando Brigada Mecanizada XI",374,"Santa Cruz",193,-0.0884112378538963,-0.726441031558278,-0.441189874291385,0.0963557544888776,-0.131161856836999
"374|84/22 - Comando de Brigada de Monte XII",374,"Misiones",222,-0.0477005899250407,-0.726679268074976,-0.54467298333077,-0.384451687814813,-0.197866188171328
"374|84/23 - Escuela de Suboficiales del Ejercito Sargento Cabral - Estado Mayor General del Ejercito",374,"Buenos Aires",229,0.0903378490390044,-0.741574840784466,-0.647387994036235,0.0431955831415367,-0.343050135983371
"374|84/24 - Colegio Militar de la Nación - Compras y Contrataciones",374,"Buenos Aires",200,-0.0176825137711783,-0.78906064376359,-0.581829993620731,0.0874840609027673,-0.154435452802946
"374|84/26 - Hospital Militar Central 601",374,"CABA",323,0.294279095997535,-0.615069826080464,-0.0946739376672017,0.488538975378997,-0.396516555793295
"374|84/28 - Jefatura Agrupación Artillería Antiaérea Ej. 601 - EC",374,"Buenos Aires",145,0.0316258538374871,-0.734246771864201,-0.647387994036235,0.0431955831415367,-0.343050135983371
"374|84/29 - Liceo Militar General Espejo",374,"Mendoza",120,-0.0037909011383106,-0.65943054508975,-0.441189874291385,0.0963557544888776,-0.131161856836999
"374|84/30 - Liceo Militar General Paz",374,"Córdoba",163,0.0448209124847584,-0.726579722780914,-0.441189874291385,0.0963557544888776,-0.131161856836999
"374|84/31 - Liceo Militar General Belgrano",374,"Santa Fe",144,-0.0546805493257267,-0.683223361288743,-0.441189874291385,0.0963557544888776,-0.131161856836999
"374|84/32 - Liceo Militar General Araoz de Lamadrid",374,"Tucumán",108,-0.00457173692544823,-0.656789891010407,-0.54467298333077,-0.384451687814813,-0.197866188171328
"374|84/33 - DIRECCION DE INTELIGENCIA OPERACIONAL",374,"CABA",106,0.064281454548182,-0.816571727877628,-0.368726285296181,0.210041519192731,-0.372762004166424
"374|84/34 - Regimiento de Granaderos a Caballo",374,"CABA",70,0.0308291655067458,-0.820751399754923,-0.368726285296181,0.210041519192731,-0.372762004166424
"374|84/35 - Instituto Social Militar Dámaso Centeno",374,"CABA",115,0.0901474814143031,-0.561261418191078,-0.198157046706587,0.00773153307530659,-0.463220887127624
"374|84/36 - Escuela Militar de Montaña",374,"Neuquén",98,-0.0343237021209717,-0.726499228372067,-0.506747874706889,0.052067276727647,-0.319776540017424
"374|84/37 - Hospital Militar Regional Córdoba",374,"Córdoba",155,0.197032934557339,-0.618764886552915,-0.54467298333077,-0.384451687814813,-0.197866188171328
"374|84/39 - Comando Brigada Paracaidista IV",374,"Córdoba",179,0.0637304627555205,-0.719844182467952,-0.506747874706889,0.052067276727647,-0.319776540017424
"374|84/40 - Comando Brigada Mecanizada X",374,"Buenos Aires",95,-0.0322411097138962,-0.655448944647423,-0.373335646407255,0.321693039327803,-0.366804687610242
"374|84/41 - Contaduría general del Ejercito",374,"CABA",76,0.138489165166669,-0.633231478165335,-0.303168284880677,0.254329996953961,-0.184147320986
"374|84/42 - CENTRO DE EDUCACION OPERACIONAL DUQUE DE CAXIAS",374,"Buenos Aires",40,0.131485627804202,-0.736700344515381,-0.647387994036235,0.0431955831415367,-0.343050135983371
"374|84/48 - Batallón de Ingenieros Anfibios 121",374,"Corrientes",152,0.00169554038184756,-0.729818437473365,-0.610230983746274,-0.428740165576044,-0.386480871351753
"374|84/71 - Liceo Militar General Roca",374,"Chubut",90,-0.0572557382492588,-0.743766455962683,-0.54467298333077,-0.384451687814813,-0.197866188171328
"374|84/74 - Sastrería Militar",374,"CABA",90,0.211817206812085,-0.636655056492153,-0.303168284880677,0.254329996953961,-0.184147320986
"374|84/77 - Departamento Contaduría y Finanzas (EMGE)",374,"CABA",506,0.165316646742813,-0.675130832246433,-0.303168284880677,0.254329996953961,-0.184147320986
"374|84/81 - Jefatura Agrupación Comunicaciones 601",374,"CABA",98,0.0435047530292348,-0.73898812146177,-0.368726285296181,0.210041519192731,-0.372762004166424
"374|84/88 - DIRECCION DE EDUCACION OPERACIONAL",374,"CABA",199,0.0240099406868844,-0.787102420258881,-0.368726285296181,0.210041519192731,-0.372762004166424
"374|84/89 - Dirección General de Educación",374,"CABA",315,0.0142339449757819,-0.742831046257453,-0.472209394335566,-0.27076592311096,-0.439466335500753
"374|84/98 - Regimiento de Infantería 1 Patricios",374,"CABA",121,0.00434133065524499,-0.750125928597127,-0.472209394335566,-0.27076592311096,-0.439466335500753
"374|84/99 - Hospital Militar Regional Mendoza",374,"Mendoza",145,0.218048143329759,-0.622003569540832,-0.336178636117294,-0.150242709389777,-0.410235422978623
"375|37/000 - Departamento Contrataciones",375,"CABA",49,0.368894325439441,-0.361354793078891,-0.0946739376672017,0.488538975378997,-0.396516555793295
"375|37/001 - Unidad Tecnica Administrativa Contable DNG",375,"CABA",99,0.100224915136408,-0.581943320860788,-0.0946739376672017,0.488538975378997,-0.396516555793295
"375|37/002 - Unidad Tecnica Administrativa Contable Digeapoyo",375,"CABA",106,0.257617235094485,-0.547580636870765,-0.0946739376672017,0.488538975378997,-0.396516555793295
"375|37/003 - Centro Asistencial Buenos Aires",375,"CABA",117,0.0691439530936982,-0.498455061237383,-0.0946739376672017,0.488538975378997,-0.396516555793295
"375|37/004 - Unidad De Inteligencia Buenos Aires Sur",375,"CABA",39,0.181415204401875,-0.566459888115695,-0.442989305750393,0.246714243688898,0.221288426491543
"375|37/005 - Escuela De  Gendarmería Nacional Grl D. M.M. De Güemes",375,"Buenos Aires",138,0.105921058877014,-0.690206195699714,-0.513156667276971,0.31407728606274,0.0386310598673003
"375|37/006 - Escuela Superior De Gn Grl Br D. M.M. Calderón",375,"Buenos Aires",58,-0.0265923910919889,-0.571435375377952,-0.513156667276971,0.31407728606274,0.0386310598673003
"375|37/007 - Escuela De Suboficiales Cabo Raúl Remberto Cuello",375,"Buenos Aires",120,-0.0938632675891445,-0.583385191773913,-0.373335646407255,0.321693039327803,-0.366804687610242
"375|37/008 - Destacamento Movil 3",375,"sin_sede",35,-0.0387016955637145,-0.604915375110958,-0.372516547947625,0.32294897964885,0.0619046558332476
"375|37/009 - Instituto De Capacitación Especializada Cabo Juan Adolfo Romero",375,"Buenos Aires",131,-0.0313721679332347,-0.677053612259853,-0.721651014490446,0.0798683076377035,0.251000294674596
"375|37/010 - Comando De Región I",375,"Buenos Aires",96,0.130755034975934,-0.575818601125974,-0.513156667276971,0.31407728606274,0.0386310598673003
"375|37/011 - Destacamento Movil 1",375,"CABA",64,0.119440667547074,-0.724096366178676,-0.508547306165897,0.202425765927667,0.0326737433111174
"375|37/013 - Comando De Región II",375,"Santa Fe",69,-0.128312939848728,-0.626087456276809,-0.646568895576605,0.0444515234625834,0.085659207460118
"375|37/014 - Destacamento Movil 2",375,"CABA",92,-0.175271757211057,-0.632425547179958,-0.442989305750393,0.246714243688898,0.221288426491543
"375|37/015 - Jefatura De Agrupacion III Corrientes",375,"Corrientes",49,-0.221149792035642,-0.482228124584346,-0.646568895576605,0.0444515234625834,0.085659207460118
"375|37/017 - Escuadrón 47 Ituzaingo",375,"Corrientes",84,-0.117510730187693,-0.650398300053095,-0.646568895576605,0.0444515234625834,0.085659207460118
"375|37/018 - Escuadron 7 Pasos De Los Libres",375,"Corrientes",48,-0.119979934868423,-0.651472869658248,-0.646568895576605,0.0444515234625834,0.085659207460118
"375|37/019 - Jefatura De Agrupación V Entre Rios",375,"Entre Ríos",78,-0.154478215780227,-0.552222252958387,-0.646568895576605,0.0444515234625834,0.085659207460118
"375|37/020 - Escuadrón 4 Concordia",375,"Entre Ríos",52,-0.195462974084912,-0.63213662570573,-0.646568895576605,0.0444515234625834,0.085659207460118
"375|37/021 - Escuadrón 6 Concepción Del Uruguay",375,"Entre Ríos",68,-0.121483582627363,-0.650190372516479,-0.5810108951611,0.0887400012238138,0.274273890640543
"375|37/022 - Escuadrón 56 Gualeguaychú",375,"Entre Ríos",46,-0.122299733846698,-0.576334376037739,-0.5810108951611,0.0887400012238138,0.274273890640543
"375|37/023 - Jefatura De Agrupación Iv Misiones",375,"Misiones",50,-0.101052655858194,-0.607096430938664,-0.646568895576605,0.0444515234625834,0.085659207460118
"375|37/024 - Escuadrón 8 Alto Uruguay",375,"Misiones",61,-0.262857685503852,-0.61454972433508,-0.646568895576605,0.0444515234625834,0.085659207460118
"375|37/025 - Escuadrón 9 Oberá",375,"Misiones",73,-0.117419506758413,-0.662248217707677,-0.646568895576605,0.0444515234625834,0.085659207460118
"375|37/026 - Escuadrón 10 Eldorado",375,"Misiones",69,-0.321468811203275,-0.573591160588716,-0.646568895576605,0.0444515234625834,0.085659207460118
"375|37/027 - Escuadrón 11 San Ignacio",375,"Misiones",71,-0.16763981831426,-0.661534892525562,-0.646568895576605,0.0444515234625834,0.085659207460118
"375|37/028 - Escuadrón 12 Bernardo De Irigoyen",375,"Misiones",55,-0.245904098040867,-0.615704494254091,-0.646568895576605,0.0444515234625834,0.085659207460118
"375|37/029 - Escuadrón 13 Iguazú",375,"Misiones",69,-0.107255127071847,-0.630835274548939,-0.646568895576605,0.0444515234625834,0.085659207460118
"375|37/030 - Jefatura De Agrupación VIFormosa",375,"Formosa",46,-0.388958818366169,-0.495199499755788,-0.5810108951611,0.0887400012238138,0.274273890640543
"375|37/031 - Escuadrón 5 Pirané",375,"Formosa",50,-0.303861000006806,-0.558772101851383,-0.646568895576605,0.0444515234625834,0.085659207460118
"375|37/032 - Escuadrón 16 Clorinda",375,"Formosa",65,-0.198699851714248,-0.564480870736268,-0.5810108951611,0.0887400012238138,0.274273890640543
"375|37/033 - Escuadron 18 Lomitas",375,"Formosa",32,-0.319907504724747,-0.535030171342601,-0.646568895576605,0.0444515234625834,0.085659207460118
"375|37/034 - Escuadrón 19 Ingeniero Juarez",375,"Formosa",32,-0.217915567381022,-0.679438976761754,-0.646568895576605,0.0444515234625834,0.085659207460118
"375|37/035 - Jefatura de Región III",375,"CABA",43,-0.0543127703870659,-0.580328286005417,-0.508547306165897,0.202425765927667,0.0326737433111174
"375|37/036 - Destacamento Movil 5",375,"Buenos Aires",90,-0.158618640463043,-0.677660820118368,-0.787209014905951,0.0355798298764731,0.0623856114941707
"375|37/037 - Jefatura De Agrupación VII Salta",375,"Salta",82,-0.0760581613722116,-0.653265883114367,-0.646568895576605,0.0444515234625834,0.085659207460118
"375|37/038 - Escuadrón 20 Orán",375,"Salta",82,-0.067668843146227,-0.646109764363033,-0.5810108951611,0.0887400012238138,0.274273890640543
"375|37/039 - Escuadrón 21 La Quiaca",375,"Jujuy",38,-0.151981369268376,-0.593165478863252,-0.372516547947625,0.32294897964885,0.0619046558332476
"375|37/040 - Escuadrón 52 Tartagal",375,"Salta",83,-0.144361641381835,-0.667977275771391,-0.5810108951611,0.0887400012238138,0.274273890640543
"375|37/042 - Escuadrón 54 Aguaray",375,"Salta",65,-0.0977835577726169,-0.681913348012454,-0.646568895576605,0.0444515234625834,0.085659207460118
"375|37/043 - Escuadrón 55 Tucumán",375,"Tucumán",46,-0.143280372252172,-0.595935180320916,-0.646568895576605,0.0444515234625834,0.085659207460118
"375|37/044 - Jefatura De Agrupación  VIII Catamarca",375,"Catamarca",55,-0.082524149058252,-0.552978352660732,-0.5810108951611,0.0887400012238138,0.274273890640543
"375|37/045 - Escuadrón 23 Tinogasta",375,"Catamarca",25,-0.106031629069214,-0.647049351867663,-0.5810108951611,0.0887400012238138,0.274273890640543
"375|37/046 - Escuadrón 24 Chilecito",375,"La Rioja",70,-0.157052118320989,-0.61733115454149,-0.646568895576605,0.0444515234625834,0.085659207460118
"375|37/047 - Jefatura De Agrupación X San Juan",375,"San Juan",85,-0.139746462826786,-0.626840078048797,-0.5810108951611,0.0887400012238138,0.274273890640543
"375|37/048 - Escuadrón 25 Jachal",375,"San Juan",44,-0.405219293677839,-0.455880444422438,-0.5810108951611,0.0887400012238138,0.274273890640543
"375|37/049 - Escuadrón 26 Barreal",375,"San Juan",51,-0.217996673636052,-0.61570952143816,-0.5810108951611,0.0887400012238138,0.274273890640543
"375|37/050 - Jefatura De Agrupación XI Cuyo",375,"Mendoza",85,-0.237288439574783,-0.607269983689911,-0.646568895576605,0.0444515234625834,0.085659207460118
"375|37/051 - Escuadrón 27 Uspallata",375,"Mendoza",77,-0.114711590545725,-0.602094491549723,-0.646568895576605,0.0444515234625834,0.085659207460118
"375|37/052 - Escuadrón 28 Tunuyan",375,"Mendoza",58,-0.221921234320446,-0.649890896139357,-0.646568895576605,0.0444515234625834,0.085659207460118
"375|37/053 - Escuadrón 29 Malargüe",375,"Mendoza",43,-0.209241427351924,-0.607391956678737,-0.646568895576605,0.0444515234625834,0.085659207460118
"375|37/055 - Destacamento Movil 4",375,"CABA",23,-0.185674051425401,-0.645063153309269,-0.508547306165897,0.202425765927667,0.0326737433111174
"375|37/056 - Jefatura De Agrupación XII Comahue",375,"Neuquén",44,-0.179129595877639,-0.620583752084158,-0.646568895576605,0.0444515234625834,0.085659207460118
"375|37/057 - Escuadrón 30 Chos Malal",375,"Neuquén",44,-0.184569734413537,-0.637066175699543,-0.5810108951611,0.0887400012238138,0.274273890640543
"375|37/058 - Escuadrón 31 Las Lajas",375,"Neuquén",38,-0.138134018335226,-0.619532067545616,-0.5810108951611,0.0887400012238138,0.274273890640543
"375|37/059 - Escuadrón 32 Alumine",375,"Neuquén",56,-0.00337258273811342,-0.695576508767716,-0.646568895576605,0.0444515234625834,0.085659207460118
"375|37/060 - Escuadrón 33 San Martin De Los Andes",375,"Neuquén",79,-0.0145520538706315,-0.597878885536191,-0.5810108951611,0.0887400012238138,0.274273890640543
"375|37/061 - Escuadrón 34 Bariloche",375,"Río Negro",77,-0.175698399781136,-0.501198796226188,-0.5810108951611,0.0887400012238138,0.274273890640543
"375|37/062 - Escuadrón 35 El Bolson",375,"Río Negro",52,-0.176702586168628,-0.516621046233235,-0.5810108951611,0.0887400012238138,0.274273890640543
"375|37/063 - Jefatura De Agrupación XIV Chubut",375,"Chubut",60,-0.097162477070247,-0.637899291544735,-0.5810108951611,0.0887400012238138,0.274273890640543
"375|37/064 - Escuadrón 36 Esquel",375,"Chubut",74,-0.179177674241831,-0.582754125603416,-0.5810108951611,0.0887400012238138,0.274273890640543
"375|37/065 - Escuadrón 38 Rio Mayo",375,"Chubut",38,-0.221442190017338,-0.632045771853628,-0.5810108951611,0.0887400012238138,0.274273890640543
"375|37/066 - Jefatura De Agrupacion XVISanta Cruz",375,"Santa Cruz",51,-0.0756860365365997,-0.590173703575068,-0.23269552707791,0.330564732913913,-0.343531091644294
"375|37/067 - Escuadrón 39 Perito Moreno",375,"Santa Cruz",48,-0.188533828203698,-0.600226679409701,-0.5810108951611,0.0887400012238138,0.274273890640543
"375|37/068 - Escuadrón 42 Calafate",375,"Santa Cruz",43,-0.0821443689216567,-0.658438353927101,-0.646568895576605,0.0444515234625834,0.085659207460118
"375|37/069 - Escuadrón 43 Rio Turbio",375,"Santa Cruz",42,-0.158602287751198,-0.680022648100868,-0.372516547947625,0.32294897964885,0.0619046558332476
"375|37/071 - Agrupación Unidades Operativas Buenos Aires",375,"CABA",65,0.0100227216896088,-0.700485641971281,-0.508547306165897,0.202425765927667,0.0326737433111174
"375|37/072 - Servicio De Aviación",375,"Buenos Aires",123,0.146558002952733,-0.668460867764812,-0.787209014905951,0.0355798298764731,0.0623856114941707
"375|37/073 - Operativo Centinela (Jefatura Zona Oeste)",375,"Buenos Aires",48,-0.0483895402675557,-0.707956077170089,-0.787209014905951,0.0355798298764731,0.0623856114941707
"375|37/074 - Escuadrón Seguridad Zarate - Brazo Largo",375,"Buenos Aires",23,-0.141227653961136,-0.532257608990147,-0.787209014905951,0.0355798298764731,0.0623856114941707
"375|37/078 - Escuadrón 57 Santo Tome",375,"Corrientes",78,-0.111280046175469,-0.678610307690262,-0.646568895576605,0.0444515234625834,0.085659207460118
"375|37/079 - Jefatura De Agrupación IX Jujuy",375,"Jujuy",66,-0.0602118006667489,-0.609511105011454,-0.646568895576605,0.0444515234625834,0.085659207460118
"375|37/081 - Escuadrón Seguridad El Chocon",375,"Neuquén",33,-0.0352412151977866,-0.651126913142948,-0.646568895576605,0.0444515234625834,0.085659207460118
"375|37/082 - Escuadrón Segurdad Atucha",375,"Buenos Aires",45,-0.039633894499134,-0.67396906955728,-0.787209014905951,0.0355798298764731,0.0623856114941707
"375|37/083 - Secretaria General",375,"CABA",72,0.0598437005868667,-0.564216143751839,-0.0946739376672017,0.488538975378997,-0.396516555793295
"375|37/084 - Escuadrón 14 Las Palmas",375,"Chaco",67,-0.155208728764272,-0.656937233489194,-0.646568895576605,0.0444515234625834,0.085659207460118
"375|37/085 - Escuadrón 37 Jose De San Martin",375,"Chubut",52,-0.229640917384356,-0.601637997586616,-0.5810108951611,0.0887400012238138,0.274273890640543
"375|37/086 - Escuadrón Seguridad Vial Rafaela",375,"Santa Fe",45,-0.230095114784884,-0.559426541874121,-0.646568895576605,0.0444515234625834,0.085659207460118
"375|37/087 - Escuadron Seguridad Vial Sierra Grande",375,"Río Negro",37,-0.0599373725866602,-0.735285826475045,-0.5810108951611,0.0887400012238138,0.274273890640543
"375|37/088 - Escuadron Seguridad Vial Balcarce",375,"Buenos Aires",35,-0.154531310460281,-0.595973009086892,-0.787209014905951,0.0355798298764731,0.0623856114941707
"375|37/089 - Escuadrón Seguridad Vial San Nicolas",375,"Buenos Aires",27,-0.0702332529296166,-0.74223590492129,-0.787209014905951,0.0355798298764731,0.0623856114941707
"375|37/090 – Agrupación “Cinturón Sur",375,"CABA",33,0.0255369853000125,-0.701643877738112,-0.442989305750393,0.246714243688898,0.221288426491543
"375|37/091 - Escuadrón Seguridad Vial San Justo",375,"Santa Fe",43,-0.384992149471294,-0.515701294615782,-0.646568895576605,0.0444515234625834,0.085659207460118
"375|37/092 - Escuadrón Seguridad Embalse",375,"Córdoba",30,-0.222531391434828,-0.630986287246937,-0.5810108951611,0.0887400012238138,0.274273890640543
"375|37/093 - Escuadron Seguridad Vial Autopistas Sur",375,"CABA",64,-0.0270522211178312,-0.718907568603773,-0.508547306165897,0.202425765927667,0.0326737433111174
"375|37/094 - Centro De Reconocimiento Y Operaciones Contra El Narcotrafico",375,"CABA",50,-0.127057641530425,-0.657653997455899,-0.508547306165897,0.202425765927667,0.0326737433111174
"375|37/095 - Escuadrón 22 San Antonio De Los Cobres",375,"Salta",63,-0.13144490948943,-0.592265856604596,-0.5810108951611,0.0887400012238138,0.274273890640543
"375|37/096 - Escuadrón 58 La Rioja",375,"La Rioja",22,-0.178014797612261,-0.551745006647395,-0.5810108951611,0.0887400012238138,0.274273890640543
"375|37/097 - Comando De Región IV",375,"CABA",48,-0.165552683239095,-0.57923829825599,-0.508547306165897,0.202425765927667,0.0326737433111174
"375|37/098 - Escuadron 1 Roque Saenz Peña",375,"Chaco",43,-0.275555396979782,-0.632403383634214,-0.5810108951611,0.0887400012238138,0.274273890640543
"375|37/100 - SERVICIO ADMINISTRATIVO FINANCIERO DESCONCENTRADO ESCUADRÓN 59 SANTIAGO DEL ESTERO",375,"Santiago del Estero",50,-0.0431074818566024,-0.668713681231503,-0.646568895576605,0.0444515234625834,0.085659207460118
"375|37/101 - Escuadron 41 Comodoro Rivadavia",375,"Chubut",48,-0.221154552913283,-0.607453754597025,-0.5810108951611,0.0887400012238138,0.274273890640543
"375|37/102 - Destacamento Movil 6",375,"CABA",54,0.0417470146402935,-0.659937359953788,-0.508547306165897,0.202425765927667,0.0326737433111174
"375|37/105 - Direccion De Criminalistica Y Estudios Forenses",375,"CABA",88,0.0988609487925499,-0.434799934021649,-0.234494958536917,0.480923222113934,0.00891919168424703
"375|37/106 - Direccion General De Inteligencia Criminal E Investigaciones",375,"CABA",37,-0.0117196039500219,-0.627581675623759,-0.0946739376672017,0.488538975378997,-0.396516555793295
"375|37/108 - Dirección De Educación E Institutos",375,"CABA",47,0.0313360102009595,-0.598126393049297,-0.442989305750393,0.246714243688898,0.221288426491543
"375|37/109 - Jefatura De Agrupacion XVII Santiago Del Estero",375,"Santiago del Estero",76,-0.144328352982964,-0.58250656853614,-0.646568895576605,0.0444515234625834,0.085659207460118
"375|37/110 - Jefatura De Agrupacion XV Santa Fe",375,"Santa Fe",71,-0.155570664417448,-0.634979406134404,-0.5810108951611,0.0887400012238138,0.274273890640543
"375|37/111 - Agrupación Mantenimiento y Capacitación de Tecnologías de la  Información y Comunicaciones",375,"CABA",77,0.107107603462812,-0.696393617505561,-0.508547306165897,0.202425765927667,0.0326737433111174
"375|37/112 - Dirección de Tecnologías de la Información y Comunicaciones",375,"CABA",61,0.158807065313916,-0.629058539124413,-0.442989305750393,0.246714243688898,0.221288426491543
"375|37/113 - Jefatura De Agrupacion XXVIII Chaco",375,"Chaco",57,-0.204075863202736,-0.593081474406914,-0.646568895576605,0.0444515234625834,0.085659207460118
"375|37/114 - Jefatura Agrupacion XIX Tierra Del Fuego",375,"Tierra del Fuego",34,-0.117586727408658,-0.491378104963076,-0.5810108951611,0.0887400012238138,0.274273890640543
"375|37/115 - Escuadron 60 San Pedro",375,"Buenos Aires",78,-0.151540173343926,-0.640041330000474,-0.787209014905951,0.0355798298764731,0.0623856114941707
"375|37/116 - Escuadron 62 Rio Grande",375,"Tierra del Fuego",22,-0.205780552021144,-0.50340983335324,-0.646568895576605,0.0444515234625834,0.085659207460118
"375|37/117 - Escuadron Seguridad Vial Pergamino",375,"Buenos Aires",42,-0.204259409058971,-0.609813710473203,-0.787209014905951,0.0355798298764731,0.0623856114941707
"375|37/118 - Unidad Especial De Transporte Macacha Guemes",375,"CABA",40,-0.0937947021811903,-0.55948369757368,-0.234494958536917,0.480923222113934,0.00891919168424703
"375|37/119 - Gendarmería Nacional - Escuadrón 61 Salvador Mazza",375,"Salta",54,-0.0867292456937797,-0.744078900093713,-0.646568895576605,0.0444515234625834,0.085659207460118
"375|37/121 - Instituto De Formacion De Gendarmes Gendarmes Felix Manifior",375,"Buenos Aires",76,-0.113611469036834,-0.524002530926555,-0.721651014490446,0.0798683076377035,0.251000294674596
"375|37/122 - JEFATURA DE REGIÓN VI",375,"CABA",50,-0.127214423636251,-0.607329991152555,-0.508547306165897,0.202425765927667,0.0326737433111174
"375|37/123 - COMANDO DE REGIÓN VII",375,"CABA",22,-0.133329722207656,-0.724835208661033,-0.508547306165897,0.202425765927667,0.0326737433111174
"375|37/123 - Comando De Región VIII",375,"CABA",22,0.00281404180612491,-0.73273206018473,-0.508547306165897,0.202425765927667,0.0326737433111174
"375|37/125 - SERVICIO ADMINISTRATIVO FINANCIERO DESCONCENTRADO ESCUADRÓN 45 SALTA",375,"Salta",54,-0.11532039185482,-0.667156233692027,-0.646568895576605,0.0444515234625834,0.085659207460118
"375|37/126 - Centro De Apoyo Y Adiestramiento Antidrogas General Mosconi",375,"Salta",38,-0.104577049495749,-0.726194611699664,-0.646568895576605,0.0444515234625834,0.085659207460118
"375|37/127 - Jefatura De Agrupación XX Cordoba",375,"Córdoba",29,0.0351714857909215,-0.552520705369676,-0.372516547947625,0.32294897964885,0.0619046558332476
"375|37/128 - Escuadron Seguridad Vial Villa Maria",375,"Córdoba",35,-0.244957190442316,-0.607547914920165,-0.646568895576605,0.0444515234625834,0.085659207460118
"375|37/129 - Agrupación Fuerza de Operaciones Especiales",375,"Buenos Aires",61,0.081914026125629,-0.65763162093285,-0.513156667276971,0.31407728606274,0.0386310598673003
"375|37/130 JEFATURA DE REGION VIII",375,"CABA",45,-0.208150600802891,-0.594695566030464,-0.508547306165897,0.202425765927667,0.0326737433111174
"375|37/131 - Jefatura De Agrupación XXI  “Santa Fe Norte",375,"Santa Fe",62,-0.104926551425414,-0.638383205588197,-0.5810108951611,0.0887400012238138,0.274273890640543
"375|37/133 - SERVICIO ADMINISTRATIVO FINANCIERO DESCONCENTRADO ESCUADRÓN 64 MENDOZA",375,"Mendoza",52,-0.195701421162738,-0.667194931216814,-0.646568895576605,0.0444515234625834,0.085659207460118
"375|37/134 - SERVICIO ADMINISTRATIVO FINANCIERO DESCONCENTRADO ESCUADRÓN 65 CORDOBA",375,"Córdoba",35,-0.161506497933764,-0.565713251304929,-0.5810108951611,0.0887400012238138,0.274273890640543
"375|37/136 - ESCUADRON 49 SAN VICENTE",375,"Buenos Aires",48,-0.125292293509922,-0.677766143453045,-0.787209014905951,0.0355798298764731,0.0623856114941707
"375|37/137 - ESCUADRÓN NÚCLEO AGUILARES",375,"Tucumán",25,-0.145022479201916,-0.720629036697712,-0.5810108951611,0.0887400012238138,0.274273890640543
"375|37/140 - ESCUADRON 66 SAN JUAN",375,"San Juan",24,-0.124132124560673,-0.694556010576641,-0.646568895576605,0.0444515234625834,0.085659207460118
"375|37/155 - INSTITUTO DE FORMACIÓN DE GENDARMES GENDARME MIGUEL ANGEL TRIPPEPI",375,"CABA",22,-0.728121476260689,-0.347943205809176,-0.234494958536917,0.480923222113934,0.00891919168424703
"375|37/41 - SERVICIO ADMINISTRATIVO FINANCIERO DESCONCENTRADO ESCUADRÓN 53 JUJUY",375,"Jujuy",58,-0.0750458580113167,-0.625137736915472,-0.646568895576605,0.0444515234625834,0.085659207460118
"375|37/75 - SERVICIO ADMINISTRATIVO FINANCIERO DESCONCENTRADO ESCUADRÓN 50 POSADAS",375,"Misiones",35,-0.114267533412448,-0.598883511265808,-0.5810108951611,0.0887400012238138,0.274273890640543
"375|37/76 - SERVICIO ADMINISTRATIVO FINANCIERO DESCONCENTRADO ESCUADRÓN 15 BAJO PARAGUAY",375,"Formosa",32,-0.351898939933823,-0.549886310152535,-0.646568895576605,0.0444515234625834,0.085659207460118
"375|37/77 - SERVICIO ADMINISTRATIVO FINANCIERO DESCONCENTRADO ESCUADRÓN 48 CORRIENTES",375,"Corrientes",54,-0.366608936810118,-0.517721750124322,-0.646568895576605,0.0444515234625834,0.085659207460118
"375|37/80 - SERVICIO ADMINISTRATIVO FINANCIERO DESCONCENTRADO ESCUADRÓN 46 ROSARIO-VICTORIA",375,"Santa Fe",39,-0.0888640058014941,-0.746054564414879,-0.5810108951611,0.0887400012238138,0.274273890640543
"375|AGRUPACION CENTINELA II",375,"CABA",78,0.0175328049167245,-0.537646565604284,-0.0946739376672017,0.488538975378997,-0.396516555793295
"376|340/001 - Dirección General de Administración - SSSLD",376,"CABA",386,0.218253826931775,-0.647074619108715,1.2853838488629,1.46965785358495,-0.667295408377446
"379|38/00 - JEFATURA ADMINISTRATIVA FINANCIERA DE LA ARMADA",379,"CABA",269,0.182242838666625,-0.607988635764631,-0.368726285296181,0.210041519192731,-0.372762004166424
"379|38/008 - Base Naval Zárate",379,"Buenos Aires",199,0.157235171076429,-0.715191510543549,-0.581829993620731,0.0874840609027673,-0.154435452802946
"379|38/01 - ARSENAL NAVAL PUERTO BELGRANO",379,"Buenos Aires",273,0.189218653360874,-0.643936085014972,-0.373335646407255,0.321693039327803,-0.366804687610242
"379|38/021 - Jefatura Militar de la Dirección General de Educación de la Armada",379,"CABA",240,0.117401149852298,-0.677390431487667,-0.368726285296181,0.210041519192731,-0.372762004166424
"379|38/029 - Zona Naval Santa Cruz",379,"Santa Cruz",46,-0.0753047753067053,-0.698323459240431,-0.5810108951611,0.0887400012238138,0.274273890640543
"379|38/03 - UOC de la Intendencia Naval Puerto Belgrano - Armada Argentina",379,"Buenos Aires",216,0.0238000917911874,-0.674431232065604,-0.685313102660116,-0.393323381400924,-0.221139784137275
"379|38/030 - Fragata A.R.A. Libertad",379,"CABA",117,0.112845345327692,-0.662070381297664,-0.303168284880677,0.254329996953961,-0.184147320986
"379|38/034 - Arsenal Naval Mar del Plata",379,"Buenos Aires",63,0.0659686791407342,-0.718248394839312,-0.581829993620731,0.0874840609027673,-0.154435452802946
"379|38/10 - Unidad Operativa de Contrataciones - Escuela de Oficiales de la Armada",379,"Buenos Aires",35,0.00124669429580411,-0.62928241423277,-0.685313102660116,-0.393323381400924,-0.221139784137275
"379|38/11 - División de Compras - Destacamento naval Rio Grande",379,"Tierra del Fuego",86,0.0874239587112013,-0.713870214015372,-0.610230983746274,-0.428740165576044,-0.386480871351753
"379|38/12 - Comando de la Flota de Mar",379,"Buenos Aires",229,0.203577764872358,-0.647394597510036,-0.373335646407255,0.321693039327803,-0.366804687610242
"379|38/13 - Centro de instrucción y adiestramiento en técnicas y tácticas navales",379,"Buenos Aires",52,0.149297471363595,-0.685316798540916,-0.47681875544664,-0.159114402975887,-0.43350901894457
"379|38/15 JEFATURA DE OBTENCION DE LA ARMADA",379,"CABA",249,0.453003661103103,-0.433159326514214,-0.0946739376672017,0.488538975378997,-0.396516555793295
"379|38/16 - Licitaciones y Compras - Base Aeronaval Almirante Zar",379,"Chubut",138,0.0565429065239619,-0.690414365016507,-0.336178636117294,-0.150242709389777,-0.410235422978623
"379|38/17 - Escuela Naval Militar",379,"Buenos Aires",224,0.0560066736686043,-0.704416423563429,-0.581829993620731,0.0874840609027673,-0.154435452802946
"379|38/18 - Division Contrataciones - Comando de Transportes Navales",379,"CABA",251,0.242643163221243,-0.657663180529737,-0.303168284880677,0.254329996953961,-0.184147320986
"379|38/19 - División Contrataciones del Cuartel General del EMGA",379,"CABA",344,0.0942378195984774,-0.684630744448803,-0.368726285296181,0.210041519192731,-0.372762004166424
"379|38/2 - UOC Base Naval Puerto Belgrano - EMGA",379,"Buenos Aires",244,0.13753745127242,-0.660434666688601,-0.581829993620731,0.0874840609027673,-0.154435452802946
"379|38/22 - Secretaria General de la Armada",379,"CABA",202,0.115243261051995,-0.647488712297517,-0.303168284880677,0.254329996953961,-0.184147320986
"379|38/23 - Licitaciones y Compras - Base Aeronaval Punta Indio",379,"Buenos Aires",173,0.052460212242677,-0.721137450804492,-0.75087110307562,-0.437611859162154,-0.4097544673177
"379|38/25 - Base Aeronaval Comandante espora",379,"Buenos Aires",233,0.0581686617594228,-0.694035184619576,-0.647387994036235,0.0431955831415367,-0.343050135983371
"379|38/26 - Unidad Operativa de Contrataciones - Escuela suboficiales de la Armada",379,"Buenos Aires",139,0.084737416613249,-0.658639430970844,-0.47681875544664,-0.159114402975887,-0.43350901894457
"379|38/27 - Agrupación Servicios de Cuartel",379,"CABA",253,0.0721762998323499,-0.680032317041213,-0.0946739376672017,0.488538975378997,-0.396516555793295
"379|38/28 - Liceo Naval Militar Almirante Storni",379,"Misiones",88,-0.0405868023038779,-0.649615277880911,-0.336178636117294,-0.150242709389777,-0.410235422978623
"379|38/31 - DIRECCION GENERAL DE INTELIGENCIA DE LA ARMADA",379,"CABA",216,0.040715817033323,-0.709468569644167,-0.508547306165897,0.202425765927667,0.0326737433111174
"379|38/33 - Unidad Operativa de Contrataciones - Base Naval Mar del Plata",379,"Buenos Aires",242,0.0485925552283782,-0.703477042019816,-0.373335646407255,0.321693039327803,-0.366804687610242
"379|38/35 - Escuela Nacional de Pesca - Armada Argentina",379,"Buenos Aires",74,0.0603526009237557,-0.709712618563567,-0.581829993620731,0.0874840609027673,-0.154435452802946
"379|38/37 - Hospital Naval Puerto Belgrano",379,"Buenos Aires",225,0.171538790848357,-0.573134306452217,-0.373335646407255,0.321693039327803,-0.366804687610242
"379|38/38 - MINISTERIO DE DEFENSA - ARMADA ARGENTINA - HOSPITAL NAVAL BUENOS AIRES CIRUJANO MAYOR DOCTOR PEDRO MALLO",379,"CABA",244,0.328460453079529,-0.496295471196932,-0.0946739376672017,0.488538975378997,-0.396516555793295
"379|38/4 - INTENDENCIA NAVAL MAR DEL PLATA",379,"Buenos Aires",176,0.0335044577276325,-0.694019704607522,-0.373335646407255,0.321693039327803,-0.366804687610242
"379|38/5 - División de Compras - Arsenal Aereonaval Comandante Espora",379,"Buenos Aires",199,0.141586608601285,-0.690590906056586,-0.581829993620731,0.0874840609027673,-0.154435452802946
"379|38/6 - INTENDENCIA NAVAL USHUAIA",379,"Tierra del Fuego",284,0.0973999418356528,-0.669989847479417,-0.441189874291385,0.0963557544888776,-0.131161856836999
"380|39 - Dirección General de Administración- PNA",380,"CABA",172,0.519765317626052,-0.408182602052256,-0.0946739376672017,0.488538975378997,-0.396516555793295
"381|40/005 - BASE AEREA MILITAR MORON",381,"Buenos Aires",159,0.0127772750638466,-0.750633633927183,-0.647387994036235,0.0431955831415367,-0.343050135983371
"381|40/014 - UOC DPTO CDR",381,"CABA",394,0.202499797356137,-0.590040500932491,-0.0946739376672017,0.488538975378997,-0.396516555793295
"381|40/016 - AREA MATERIAL QUILMES",381,"Buenos Aires",242,0.0379208203670091,-0.650865843214865,-0.721651014490446,0.0798683076377035,0.251000294674596
"381|40/017 - I BRIGADA AEREA PALOMAR",381,"Buenos Aires",170,-0.00163879088940575,-0.725273032433294,-0.721651014490446,0.0798683076377035,0.251000294674596
"381|40/018 - UOC PAR",381,"CABA",248,-0.0615500605333596,-0.654388552078867,-0.442989305750393,0.246714243688898,0.221288426491543
"381|40/019 - UOC  RTA",381,"CABA",193,-0.132266456081564,-0.638243520013181,-0.508547306165897,0.202425765927667,0.0326737433111174
"381|40/020 - UOC DOZ",381,"CABA",151,0.0349972480443453,-0.689684348817242,-0.508547306165897,0.202425765927667,0.0326737433111174
"381|40/021 - UOC RYD",381,"CABA",176,-0.0651056501390965,-0.628677112993236,-0.508547306165897,0.202425765927667,0.0326737433111174
"381|40/022 - UOC DIL",381,"CABA",206,-0.0737560023506793,-0.600507177192504,-0.508547306165897,0.202425765927667,0.0326737433111174
"381|40/023 - DIVISIÓN CONTRATACIONES MORENO",381,"Buenos Aires",54,0.0656543918662016,-0.756944526843852,-0.647387994036235,0.0431955831415367,-0.343050135983371
"381|40/023 - VII BRIGADA AEREA MORENO",381,"Buenos Aires",100,0.0493792860553206,-0.67543809747229,-0.581829993620731,0.0874840609027673,-0.154435452802946
"381|40/024 - UOC CRV",381,"CABA",230,-0.0191666069009113,-0.677859144225086,-0.508547306165897,0.202425765927667,0.0326737433111174
"381|40/026 - DIRECCION DE VIGILANCIA Y CONTROL DEL AEROESPACIO",381,"Buenos Aires",144,-0.00400305226240709,-0.731568435545786,-0.721651014490446,0.0798683076377035,0.251000294674596
"381|40/028 - AREA DE MATERIAL RIO IV",381,"Córdoba",280,-0.0436194557487735,-0.591961229973069,-0.441189874291385,0.0963557544888776,-0.131161856836999
"381|40/030 - UOC LADE",381,"CABA",142,0.204270116066808,-0.667123995371824,-0.0946739376672017,0.488538975378997,-0.396516555793295
"381|40/031 - OUC INFRA",381,"CABA",57,0.164373049042607,-0.562731164537137,-0.508547306165897,0.202425765927667,0.0326737433111174
"381|40/032 - AREA LOGISTICA PALOMAR",381,"Buenos Aires",196,0.0162921894089029,-0.729890987044675,-0.647387994036235,0.0431955831415367,-0.343050135983371
"381|40/035 - UOC BASMAR",381,"Buenos Aires",174,-0.101896603990625,-0.671289958057307,-0.787209014905951,0.0355798298764731,0.0623856114941707
"381|40/037 - INSTITUTO DE FORMACION EZEIZA",381,"Buenos Aires",135,0.115463208518718,-0.696684715642273,-0.513156667276971,0.31407728606274,0.0386310598673003
"381|40/039 - UOC DPTO CDR",381,"CABA",392,0.282727252002688,-0.523409098153082,-0.0946739376672017,0.488538975378997,-0.396516555793295
"381|40/043 - LICEO AERONAUTICO MILITAR",381,"Córdoba",107,-0.0940287937901684,-0.633229282953409,-0.5810108951611,0.0887400012238138,0.274273890640543
"381|40/045 - UOC PAL",381,"Buenos Aires",210,0.141569093659755,-0.674615421809488,-0.787209014905951,0.0355798298764731,0.0623856114941707
"381|40/11 - UOC DPTO CDR",381,"CABA",106,0.205724386935461,-0.53334860253695,-0.303168284880677,0.254329996953961,-0.184147320986
"381|40/34 - Base Aérea Militar Río Gallegos",381,"Santa Cruz",136,-0.0829235881717628,-0.665416454570602,-0.646568895576605,0.0444515234625834,0.085659207460118
"381|40/9 - por Base Aérea Militar Resistencia",381,"Chaco",192,-0.0283748820656453,-0.666823632906309,-0.441189874291385,0.0963557544888776,-0.131161856836999
"381|Departamento Contrataciones Córdoba - UOC 40/47",381,"Córdoba",325,-0.00932213236931632,-0.617074290982483,-0.5810108951611,0.0887400012238138,0.274273890640543
"381|Departamento Contrataciones Córdoba - UOC 40/49",381,"Córdoba",204,-0.0358794128464917,-0.627698035289398,-0.646568895576605,0.0444515234625834,0.085659207460118
"381|Departamento Contrataciones Córdoba - UOC 40/51",381,"Córdoba",182,0.185816972016756,-0.542408554241207,-0.5810108951611,0.0887400012238138,0.274273890640543
"381|Departamento Contrataciones Córdoba - UOC 40/52",381,"Córdoba",125,-0.0953787151553604,-0.602915385545122,-0.5810108951611,0.0887400012238138,0.274273890640543
"382|279/000 - Departamento de Compras - PSA",382,"CABA",178,0.315584736920354,-0.453529009137279,0.356410779112363,0.927696194805655,-0.60409611897828
"386|500/000-Ministerio de las Mujeres; Géneros y Diversidad - Dirección de Compras; Contrataciones; Patrimonio y Suministros",386,"CABA",92,0.415139411004422,-0.122632579985822,0.926419508954544,1.22509031749895,-0.564394605012396
"388|505 - MINISTERIO DE CAPITAL HUMANO",388,"CABA",30,0.225497407151294,-0.466785386063603,0.748434705383783,1.0874402202942,-0.743446630308262
"403|487 - División Compras y Suministros - Superintendencia de Bienestar de la Policia Federal Argentina",403,"CABA",321,0.480260756779959,-0.40857810180986,0.740617789077269,0.196814102002721,0.252010953449225
"450|41 - División Compras y Contrataciones-IGN",450,"CABA",172,0.0746740697599302,-0.516730630286056,0.534467763134616,0.0975102778327138,0.853063865691904
"451|42 -  Dirección General de Fabricaciones Militares (SC)-FFMM",451,"CABA",34,0.284677828227824,-0.425051469816338,0.0240357289898459,0.354990997013986,0.0468942647583626
"451|42/01 -  Fábrica Militar de Pólvoras y Explosivos Villa María - Compras",451,"Córdoba",34,0.0750435599362804,-0.50930703596463,-0.322480207634337,-0.0371922238761335,0.312248963714659
"451|42/02 -  Fabrica Militar Rio Tercero",451,"Córdoba",61,0.212050634602642,-0.489908358079366,-0.322480207634337,-0.0371922238761335,0.312248963714659
"451|42/04 -  Compras Fray Luis Beltrán",451,"Santa Fe",28,0.127417981399794,-0.582409591286766,-0.322480207634337,-0.0371922238761335,0.312248963714659
"452|289 - Dirección General de Administración-SMN",452,"CABA",114,0.423960254460642,-0.268965077606265,0.700808875495365,-0.225793320445647,-0.285069476308476
"470|43 - Departamento de Compras  - Instituto de Ayuda Financiera para pago de Retiros y Pensiones Militares - Ministerio de Defensa",470,"CABA",175,0.189688719898954,-0.342149453656662,0.128134713176584,0.268573363362417,0.251248063263381
"556|318 - Coordinación de Patrimonio; Compras y Contrataciones - ACUMAR",556,"CABA",260,0.316891763144707,-0.241011958707664,1.04573318332937,0.714731503444392,0.223184317978408
"602|44/000 - Gerencia de Servicios Centrales - CNV",602,"CABA",158,0.311263055313227,-0.178994362484058,1.39221761425174,0.108307519033845,0.970585797406581
"603|45 - Dirección General de Administración-SSN",603,"CABA",64,0.458873412757072,-0.208914882847574,0.986713801595043,-0.458773171000015,-0.375391434824272
"604|46/000 - Coordinación de Licitaciones y Contrataciones - DNV",604,"CABA",349,0.304502769035229,-0.231683307061505,0.485336989322809,0.364517411972958,0.444778368537774
"604|46/01 - 19° Bahía Blanca - DNV",604,"Buenos Aires",202,0.168642676278312,-0.428546731512946,0.0668542597130396,0.1900557226567,0.87992598419837
"604|46/02 - 2° Córdoba - DNV",604,"Córdoba",125,0.068023276681249,-0.40857495306038,0.207494379042386,0.19892741624281,0.903199580164317
"604|46/02 - 2° Distrito Córdoba - DNV",604,"Córdoba",27,0.10862039926828,-0.333498460438343,0.207494379042386,0.19892741624281,0.903199580164317
"604|46/03 - 3° Tucumán - DNV",604,"Tucumán",190,0.0296254506080432,-0.4217653243016,-0.0009999681710899,-0.0352815621822257,1.11556881497161
"604|46/04 - 4° Mendoza - DNV",604,"Mendoza",296,0.0572515848529645,-0.360169822955024,0.207494379042386,0.19892741624281,0.903199580164317
"604|46/05 - 5° Salta - DNV",604,"Salta",168,0.138782272573877,-0.425701569423551,-0.0009999681710899,-0.0352815621822257,1.11556881497161
"604|46/06 - 6° Jujuy - DNV",604,"Jujuy",204,0.0663632468846554,-0.335952742675119,0.207494379042386,0.19892741624281,0.903199580164317
"604|46/07 - 7° Santa Fe - DNV",604,"Santa Fe",283,0.0530562847774992,-0.428267071150817,-0.0009999681710899,-0.0352815621822257,1.11556881497161
"604|46/08 - 8° La Rioja - DNV",604,"La Rioja",234,0.0478300137383659,-0.483756686596043,-0.0009999681710899,-0.0352815621822257,1.11556881497161
"604|46/09 - 9° San Juan - DNV",604,"San Juan",168,0.0802892822749126,-0.359271798835536,-0.0009999681710899,-0.0352815621822257,1.11556881497161
"604|46/10 - 10° Corrientes - DNV",604,"Corrientes",165,0.0843447079419239,-0.371055995484947,-0.0009999681710899,-0.0352815621822257,1.11556881497161
"604|46/11 - 11° Catamarca - DNV",604,"Catamarca",197,0.050576846925906,-0.38712190749646,0.207494379042386,0.19892741624281,0.903199580164317
"604|46/12 - 12° Neuquen - DNV",604,"Neuquén",212,0.144068530624607,-0.366802670750882,0.207494379042386,0.19892741624281,0.903199580164317
"604|46/13 - 13° Chubut - DNV",604,"Chubut",288,0.0288656017286442,-0.237179101336495,0.207494379042386,0.19892741624281,0.903199580164317
"604|46/14 - 14° San Luis - DNV",604,"San Luis",158,0.0916281127815163,-0.327845294543592,-0.0009999681710899,-0.0352815621822257,1.11556881497161
"604|46/15 - 15° Misiones - DNV",604,"Misiones",192,0.0216547034970975,-0.380394246119771,-0.0009999681710899,-0.0352815621822257,1.11556881497161
"604|46/16 - 16° Santiago del Estero - DNV",604,"Santiago del Estero",205,0.0650281080033581,-0.400278483047154,-0.0009999681710899,-0.0352815621822257,1.11556881497161
"604|46/17 - 17° Entre Rios - DNV",604,"Entre Ríos",302,0.0829847148995284,-0.375850071761535,-0.0009999681710899,-0.0352815621822257,1.11556881497161
"604|46/18 - 18° Chaco - DNV",604,"Chaco",214,-0.0418717652668922,-0.317832665059187,-0.0009999681710899,-0.0352815621822257,1.11556881497161
"604|46/19 - 1° Buenos Aires - DNV",604,"CABA",215,0.169499880241714,-0.432901487132087,0.485336989322809,0.364517411972958,0.444778368537774
"604|46/20 - 20° Río Negro - DNV",604,"Río Negro",228,0.12287675678283,-0.393525017664334,0.207494379042386,0.19892741624281,0.903199580164317
"604|46/21 - 21° La Pampa - DNV",604,"La Pampa",242,0.0559626336378082,-0.393408773935307,-0.0009999681710899,-0.0352815621822257,1.11556881497161
"604|46/22 - 22° Formosa - DNV",604,"Formosa",200,-0.0314596021582584,-0.420360734753537,-0.0009999681710899,-0.0352815621822257,1.11556881497161
"604|46/23 - 23° Santa Cruz - DNV",604,"Santa Cruz",245,0.0217614598375704,-0.468123958901257,0.347315399912101,0.206543169507874,0.497763832686775
"604|46/24 - 24° Tierra del Fuego - DNV",604,"Tierra del Fuego",173,0.17158972091062,-0.314576201186887,0.207494379042386,0.19892741624281,0.903199580164317
"607|47 - Dpto. de Compras y Servicios- INIDEP",607,"Buenos Aires",430,0.141919493905333,-0.447463770506757,0.437182376476089,-0.624895874856477,0.782660499197182
"609|49/00 - Instituto Nacional de Vitivinicultura",609,"Mendoza",245,0.00627474335457974,-0.198517811222282,0.863727421905113,-0.849004031824735,0.715612136647333
"612|160 - Gestión de compras- TTN",612,"CABA",36,0.327752366076236,-0.286130482419976,0.960193710104009,-0.12785381945659,0.357306159698566
"613|90 - Departamento de Compras y Licitaciones-ENOHSA",613,"CABA",181,0.103979359403485,-0.407669674398899,0.434814198628083,0.087972315852091,1.29418179267995
"614|50 - Departamento de Compras y Contrataciones",614,"CABA",140,0.380714806224397,-0.255720363749606,1.2102433585293,-0.456820810934615,0.450257437691037
"620|85/000 - Dirección General de Administracion",620,"CABA",32,0.270558974570378,-0.175315439760606,0.820372689234294,-0.135469572721654,0.762741907176108
"622|101 - Departamento de Compras y Contrataciones",622,"CABA",156,0.238388695898039,-0.330792022460972,1.18372326703826,-0.125901459391191,1.18295503221388
"623|52 - Coordinación de Compras y Contrataciones - SENASA",623,"CABA",391,0.365663295644622,-0.0844607512757627,1.06039753840288,0.0103459984183879,0.226166537749369
"624|Servicio Geológico Minero Argentino - Dir. Administración y Finanzas - Compras",624,"CABA",144,0.441467559982311,-0.187724181827409,1.10631268815206,0.341287369588213,1.06090775592238
"651|55 - Gerencia de Administración- Área de Compras y Contrataciones",651,"CABA",298,0.247437462300756,-0.249232752618172,1.00174901131582,-0.691029789359651,0.662626672498333
"652|56 - Compras y Contrataciones - ENRE",652,"CABA",124,0.229175633131346,-0.34336460138482,1.18372326703826,-0.125901459391191,1.18295503221388
"656|93 - Sector Compras- ORSEP",656,"CABA",26,0.146666743279412,-0.154728258969181,1.39221761425174,0.108307519033845,0.970585797406581
"661|73 - Direccion General de  Administración - CNRT",661,"CABA",317,0.248553144295439,-0.367575666523174,1.2102433585293,-0.456820810934615,0.450257437691037
"664|58 - Dto de compras y contrataciones  - ORSNA",664,"CABA",68,0.316890296039535,-0.396237898076882,1.20589940559835,0.259399168943773,0.366547660810698
"664|58/01 - Fideicomiso- ORSNA",664,"CABA",45,0.314168334482079,-0.0794124827341044,1.47995175322733,0.537896625130039,0.342793109183828
"669|327 - Departamento de Compras y Contrataciones- ANAC",669,"CABA",191,0.313640379061482,-0.243033866901868,1.29797749750489,-0.0272317048384211,-0.177535250531715
"669|327/1 - Fideicomiso ANAC",669,"CABA",45,0.422443630291137,-0.261894075826469,1.43779851837461,-0.0196159515733572,-0.582970998009257
"670|368/000 - Dirección General de Administración - UIF",670,"CABA",57,0.376942861711795,-0.085304983105903,1.47995175322733,0.537896625130039,0.342793109183828
"671|436 - MINISTERIO DE ECONOMÍA - JUNTA DE SEGURIDAD EN EL TRANSPORTE - COMPRAS",671,"CABA",212,0.213213501016231,-0.151063419660412,1.47995175322733,0.537896625130039,0.342793109183828
"801|87 - Coordinación de Compras; Contrataciones y Servicios Generales - INCAA",801,"CABA",214,0.180572933260557,-0.161171917803222,0.53057260724675,0.322127729359261,0.517570445237688
"802|59 - Compras-FNA",802,"CABA",67,0.176313572422461,-0.448411673889816,0.832260340523081,0.0627899134019467,1.08466230754925
"804|60 - Oficina de Compras y Contrataciones - CONEAU",804,"CABA",79,0.277270942713474,-0.30113594153369,0.897818340938585,0.107078391163177,1.27327699072967
"850|63/000 - Dirección de Contrataciones - ANSES II",850,"CABA",486,0.111712943708562,0.425040960034173,0.774492612303204,0.243325848972756,0.316488496265165
"852|64/000 - Departamento de Compras y Contrataciones- SRT",852,"CABA",363,0.282010099808756,0.0131353362756078,1.53203863512145,0.115923272298909,0.565150049929039
"902|65 - División Suministros y Contrataciones",902,"CABA",277,0.214115960021662,-0.379552610055473,0.803578224191739,-0.0284608327090892,0.125155942791377
"903|97/000 - Hospital Nacional Dr Baldomero Sommer",903,"Buenos Aires",451,0.335746560069294,-0.298199941392443,0.78549774455928,-0.383071143166378,0.164855516912345
"904|66/00 - Dirección de Compras; Suministros; Logística y Arquitectura - ANMAT",904,"CABA",285,0.343439776305022,-0.201363061650651,1.06415945329933,-0.216225207115184,0.135143648729291
"905|67 - Departamento de compras y contrataciones- INCUCAI",905,"CABA",229,0.380958235331033,-0.231647678957483,1.06415945329933,-0.216225207115184,0.135143648729291
"906|68/00 - Departamento de Administracion de Bienes - ANLIS",906,"CABA",710,0.273407961985657,-0.263564413631267,0.352493507412174,-0.467618052135747,0.332735505976361
"908|96 - Dirección General de Administración",908,"Buenos Aires",412,0.473925020860957,-0.0527058804947639,0.49583090356315,0.0764799129215617,0.346200364448218
"909|HOSPITAL NACIONAL Y COMUNIDAD DR. RAMON CARRILLO",909,"Buenos Aires",332,0.311166129104269,-0.292618909693461,0.422147166755311,-0.392639256496841,-0.255357608125423
"910|88/00 - Compras - Instituto Nacional de Rehabilitación Psicofísica del Sur",910,"Buenos Aires",283,0.183890093683392,-0.365234440183198,0.619156632198531,-0.0597675448880169,1.30298885891273
"914|71 -   Coordinación de Contrataciones y Patrimonio-SSS",914,"CABA",222,0.178039027386353,-0.0476985849361325,0.924338432429618,-0.223840960380247,0.540579396206833
"915|477/000 - Departamento de Compras y Adquisiciones -INC",915,"CABA",24,0.366653089679897,-0.0807073240459888,1.19404682712766,0.770876475684407,0.433115067699624
"917|483 - Compras",917,"CABA",123,0.286818431548151,-0.255211874688732,0.862226751278799,0.67291495506895,-0.311304191957588
"9196|493/00 - COMPRAS DE LA DIRECCION DE OBRA SOCIAL DEL S.P.F",9196,"CABA",23,0.201090191255321,-0.609832381940763,0.326744420578573,-0.0892991074486097,0.681201252553638
