"organismo","n_adj","tipo","anclaje_flag","med_real","share_directa","min_ej","n_loc","med_km","n_geo","A_escala","A_directa","A_tipo","A_cohorte","A_anclaje","A_alcance"
"101 - Fundación Miguel Lillo",384,"ciencia_universidad",FALSE,1233117.19834313,0.864583333333333,2018,NA,NA,NA,"chica","mayoria_directa","ciencia_universidad","pre2019",NA,NA
"103 - Consejo Nacional de Investigaciones Científicas y Técnicas",107,"ciencia_universidad",FALSE,2602464.50709653,0.803738317757009,2018,1,0,107,"chica","mayoria_directa","ciencia_universidad","pre2019","bajo","corto"
"105 - Comisión Nacional de Energía Atómica",5077,"ciencia_universidad",FALSE,2430693.36428967,0.734094937955486,2018,4,28.5981641553281,4987,"chica","mayoria_directa","ciencia_universidad","pre2019","alto","largo"
"106 - Comisión Nacional de Actividades Espaciales",661,"ciencia_universidad",FALSE,8367549.44,0.46142208774584,2018,1,0,653,"media","mixto","ciencia_universidad","pre2019","bajo","corto"
"107 - Administración de Parques Nacionales",5414,"administracion",TRUE,1867160.10979441,0.0443295160694496,2018,18,450.855231174589,2103,"chica","mixto","administracion","pre2019","alto","largo"
"108 - Instituto Nacional del Agua",330,"ciencia_universidad",FALSE,5976734.60197165,0.0181818181818182,2019,NA,NA,NA,"media","mixto","ciencia_universidad","2019_21",NA,NA
"109 - Sindicatura General de la Nación",333,"administracion",FALSE,2171178.32883828,0.726726726726727,2016,1,0,330,"chica","mayoria_directa","administracion","pre2019","bajo","corto"
"112 - Autoridad Regulatoria Nuclear",737,"ciencia_universidad",FALSE,2317902.18703783,0.492537313432836,2017,1,0,730,"chica","mixto","ciencia_universidad","pre2019","bajo","corto"
"113 - Teatro Nacional Cervantes",731,"cultura_educacion",FALSE,1481057.78782845,0.785225718194254,2018,1,0,725,"chica","mayoria_directa","cultura_educacion","pre2019","bajo","corto"
"114 - Instituto Nacional de Asociativismo y Economía Social",238,"administracion",FALSE,4800000,0.247899159663866,2017,1,0,236,"media","mixto","administracion","pre2019","bajo","corto"
"116 - Biblioteca Nacional",521,"cultura_educacion",FALSE,7925287,0.64299424184261,2018,1,0,511,"media","mayoria_directa","cultura_educacion","pre2019","bajo","corto"
"117 - Instituto Nacional del Teatro",81,"cultura_educacion",FALSE,4554863.16215242,0.617283950617284,2018,1,0,81,"media","mayoria_directa","cultura_educacion","pre2019","bajo","corto"
"118 - Instituto Nacional de Asuntos Indígenas",15,"salud_social",FALSE,21113523.1657199,0.533333333333333,2017,1,0,15,"grande","mayoria_directa","salud_social","pre2019","bajo","corto"
"120 - Agencia de Deportes Nacional",34,"administracion",FALSE,12142000.8992225,0.411764705882353,2019,1,0,34,"grande","mixto","administracion","2019_21","bajo","corto"
"121 - Banco Nacional de Datos Genéticos",220,"ciencia_universidad",FALSE,5553485.88065292,0.463636363636364,2020,1,0,220,"media","mixto","ciencia_universidad","2019_21","bajo","corto"
"173 - AGENCIA NACIONAL DE PROMOCIÓN DE LA INVESTIGACIÓN; EL DESARROLLO TECNOLÓGICO Y LA INNOVACIÓN",54,"ciencia_universidad",FALSE,7013708.42096481,0.462962962962963,2022,1,0,54,"media","mixto","ciencia_universidad","2022plus","bajo","corto"
"200 - Registro Nacional de las Personas",298,"administracion",FALSE,50682201.9781478,0.248322147651007,2017,1,0,294,"grande","mixto","administracion","pre2019","bajo","corto"
"201 - Dirección Nacional de Migraciones",629,"administracion",TRUE,15620218.5230045,0.189189189189189,2017,1,0,616,"grande","mixto","administracion","pre2019","bajo","corto"
"202 - Instituto Nacional contra la Discriminación; Xenofobia y el Racismo",32,"administracion",FALSE,4153132.28013264,0.875,2017,1,0,32,"media","mayoria_directa","administracion","pre2019","bajo","corto"
"202 - Instituto Nacional contra la Discriminación; la Xenofobia y el Racismo",86,"administracion",FALSE,4526207.6070364,0.825581395348837,2020,1,0,86,"media","mayoria_directa","administracion","2019_21","bajo","corto"
"203 - Agencia Nacional de Seguridad Vial",152,"administracion",FALSE,18478656.6478381,0.460526315789474,2018,1,0,152,"grande","mixto","administracion","pre2019","bajo","corto"
"205 - Agencia de Administración de Bienes del Estado",354,"administracion",FALSE,12689084.7240433,0.358757062146893,2016,1,0,285,"grande","mixto","administracion","pre2019","bajo","corto"
"206 - Centro Internacional para la Promoción de los Derechos Humanos",42,"administracion",FALSE,6444250.78680842,0.904761904761905,2018,1,0,42,"media","mayoria_directa","administracion","pre2019","bajo","corto"
"207 - Ente Nacional de Comunicaciones",374,"administracion",FALSE,13250983.8105518,0.328877005347594,2017,1,0,365,"grande","mixto","administracion","pre2019","bajo","corto"
"208 - Agencia Nacional de Materiales Controlados",138,"administracion",FALSE,9600000,0.623188405797101,2017,1,0,138,"media","mayoria_directa","administracion","pre2019","bajo","corto"
"209 - Agencia de Acceso a la Información Pública",93,"administracion",FALSE,4499133.33784893,0.602150537634409,2019,1,0,93,"media","mayoria_directa","administracion","2019_21","bajo","corto"
"250 - Caja de Retiros Jubilaciones y Pensiones de la Policía Federal",302,"seguridad_defensa",FALSE,2089185.5604247,0.473509933774834,2018,1,0,299,"chica","mixto","seguridad_defensa","pre2019","bajo","corto"
"301 - Secretaria General de la Presidencia de la Nación",805,"administracion",FALSE,10637284.7002921,0.46583850931677,2016,1,0,798,"grande","mixto","administracion","pre2019","bajo","corto"
"303 - Secretaría de Políticas Integrales Sobre Drogas de la Nación Argentina  (SEDRONAR)",281,"salud_social",FALSE,3783822.53479835,0.697508896797153,2020,1,0,277,"chica","mayoria_directa","salud_social","2019_21","bajo","corto"
"303 - Secretaría de Políticas Integrales sobre Drogas",132,"salud_social",FALSE,1395551.25267032,0.871212121212121,2017,1,0,132,"chica","mayoria_directa","salud_social","pre2019","bajo","corto"
"305 - Jefatura de Gabinete de Ministros",905,"administracion",FALSE,10456527.0021865,0.425414364640884,2016,1,0,898,"grande","mixto","administracion","pre2019","bajo","corto"
"307 - Ministerio de Relaciones Exteriores y Culto",164,"administracion",FALSE,3555406.96765865,0.634146341463415,2016,1,0,163,"chica","mayoria_directa","administracion","pre2019","bajo","corto"
"307 - Ministerio de Relaciones Exteriores; Comercio Internacional y Culto",680,"administracion",FALSE,4559854.9596395,0.489705882352941,2020,1,0,673,"media","mixto","administracion","2019_21","bajo","corto"
"310 - Ministerio de Salud",781,"salud_social",FALSE,234500000,0.418693982074264,2017,1,0,780,"grande","mixto","salud_social","pre2019","bajo","corto"
"310 - Secretaría de Gobierno de Salud",212,"salud_social",FALSE,317948241.535747,0.287735849056604,2017,1,0,212,"grande","mixto","salud_social","pre2019","bajo","corto"
"311 - Desarrollo Humano y Economía Solidaria",78,"salud_social",FALSE,1534047.85340379,0.294871794871795,2024,1,0,76,"chica","mixto","salud_social","2022plus","bajo","corto"
"311 - Ministerio de Desarrollo Social",626,"salud_social",FALSE,222511962.967591,0.389776357827476,2017,1,11.6463251424493,613,"grande","mixto","salud_social","pre2019","bajo","largo"
"311 - Ministerio de Salud y Desarrollo Social",422,"salud_social",FALSE,192547807.561704,0.388625592417062,2016,1,14.1866837613552,407,"grande","mixto","salud_social","pre2019","bajo","largo"
"317 - Ministerio de Ambiente y Desarrollo Sostenible",350,"administracion",FALSE,8335345.81031435,0.431428571428571,2020,1,0,349,"media","mixto","administracion","2019_21","bajo","corto"
"317 - Ministerio de Ambiente y Desarrollo Sustentable",2,"administracion",FALSE,356753.384247008,0,2017,1,5.39204174359612,2,"chica","sin_directa","administracion","pre2019","bajo","largo"
"317 - Secretaría de Gobierno de Ambiente y Desarrollo Sustentable",74,"administracion",FALSE,8537279.15026572,0.391891891891892,2017,1,0,71,"media","mixto","administracion","pre2019","bajo","corto"
"321 - Instituto Nacional de Estadísticas y Censos",346,"administracion",FALSE,12109013.6281629,0.23121387283237,2017,1,0,343,"grande","mixto","administracion","pre2019","bajo","corto"
"322 - Ministerio de Turismo",1,"administracion",FALSE,4079298.81737472,0,2018,1,642.212438628843,1,"chica","sin_directa","administracion","pre2019","bajo","largo"
"322 - Ministerio de Turismo y Deportes",572,"administracion",FALSE,14483863.0217329,0.295454545454545,2020,1,0,561,"grande","mixto","administracion","2019_21","bajo","corto"
"322 - Secretaría de Gobierno de Turismo",82,"administracion",FALSE,10445263.4078107,0.524390243902439,2017,1,0,81,"media","mayoria_directa","administracion","pre2019","bajo","corto"
"323 - Comision Nacional de Comercio Exterior",66,"administracion",FALSE,1166655.25921531,0.803030303030303,2017,1,0,65,"chica","mayoria_directa","administracion","pre2019","bajo","corto"
"325 - Ministerio del Interior",388,"administracion",FALSE,11999191.3612874,0.309278350515464,2020,1,0,384,"grande","mixto","administracion","2019_21","bajo","corto"
"325 - Ministerio del Interior; Obras Públicas y Vivienda",108,"infraestructura",FALSE,25955719.5180577,0.222222222222222,2017,1,0,107,"grande","mixto","infraestructura","pre2019","bajo","corto"
"326 - Super Intendencia de la Administracion de la Policia Federal",266,"seguridad_defensa",FALSE,38012024.262504,0.206766917293233,2018,1,0,262,"grande","mixto","seguridad_defensa","pre2019","bajo","corto"
"327 - Ministerio de Transporte",246,"infraestructura",FALSE,11373757.6862169,0.434959349593496,2017,1,0,245,"grande","mixto","infraestructura","pre2019","bajo","corto"
"328 - Secretaría de Energía",18,"administracion",FALSE,9027728.47567036,1,2020,1,0,18,"media","mayoria_directa","administracion","2019_21","bajo","corto"
"328 - Secretaría de Gobierno de Energía",34,"administracion",FALSE,7873655.84360097,0.5,2016,1,0,34,"media","mixto","administracion","pre2019","bajo","corto"
"330 - Ministerio de Educación",1,"cultura_educacion",FALSE,1552674.29035024,0,2017,1,0,1,"chica","sin_directa","cultura_educacion","pre2019","bajo","corto"
"330 - Ministerio de Educación; Cultura; Ciencia y Tecnología",122,"cultura_educacion",FALSE,108470043.081111,0.270491803278689,2017,1,0,120,"grande","mixto","cultura_educacion","pre2019","bajo","corto"
"330 - SECRETARIA DE EDUCACIÓN – MINISTERIO DE CAPITAL HUMANO",723,"cultura_educacion",FALSE,117229411.712833,0.496542185338866,2020,1,0,720,"grande","mixto","cultura_educacion","2019_21","bajo","corto"
"331 - Servicio Penitenciario Federal",266,"seguridad_defensa",FALSE,32371876.4644583,0.0714285714285714,2017,1,0,263,"grande","mixto","seguridad_defensa","pre2019","bajo","corto"
"332 - Ministerio de Justicia y Derechos Humanos",462,"administracion",FALSE,5593228.79579402,0.16017316017316,2016,1,0,458,"media","mixto","administracion","pre2019","bajo","corto"
"336 - SECRETARÍA DE INNOVACIÓN; CIENCIA Y TECNOLOGÍA",209,"ciencia_universidad",FALSE,13071650.9957538,0.330143540669856,2020,1,0,209,"grande","mixto","ciencia_universidad","2019_21","bajo","corto"
"336 - Secretaría de Gobierno de Ciencia; Tecnología e Innovación Productiva",56,"ciencia_universidad",FALSE,10694994.2377272,0.625,2017,1,0,55,"grande","mayoria_directa","ciencia_universidad","pre2019","bajo","corto"
"337 - Secretaría de Cultura",1264,"cultura_educacion",FALSE,10824700.9180205,0.40743670886076,2020,1,0,1252,"grande","mixto","cultura_educacion","2019_21","bajo","corto"
"337 - Secretaría de Gobierno de Cultura",209,"cultura_educacion",FALSE,4886037.97662663,0.397129186602871,2016,1,0,206,"media","mixto","cultura_educacion","pre2019","bajo","corto"
"338 - Secretaria Legal y Técnica",210,"administracion",FALSE,7229075.81487353,0.376190476190476,2016,1,0,210,"media","mixto","administracion","pre2019","bajo","corto"
"341 - Secretaría Nacional de Niñez; Adolescencia y Familia",177,"salud_social",FALSE,11038917.0219708,0.576271186440678,2017,1,0,175,"grande","mayoria_directa","salud_social","pre2019","bajo","corto"
"343 - Ministerio de Seguridad",714,"seguridad_defensa",FALSE,13149945.3746151,0.301120448179272,2016,1,0,704,"grande","mixto","seguridad_defensa","pre2019","bajo","corto"
"345 - Consejo Nacional de Coordinación de Politicas Sociales",86,"salud_social",FALSE,6880294.98046638,0.430232558139535,2017,1,0,85,"media","mixto","salud_social","pre2019","bajo","corto"
"347 - Secretaría de Gobierno del Sistema Federal de Medios y Contenidos Públicos",228,"administracion",FALSE,4343144.86811256,0.714912280701754,2017,1,0,222,"media","mayoria_directa","administracion","pre2019","bajo","corto"
"347 - Secretaría de Medios y Comunicación Pública",66,"administracion",FALSE,23077397.5938295,0.651515151515151,2020,1,0,65,"grande","mayoria_directa","administracion","2019_21","bajo","corto"
"349 - Procuración del Tesoro de la Nación",163,"administracion",FALSE,5070168.4539874,0.785276073619632,2019,1,0,163,"media","mayoria_directa","administracion","2019_21","bajo","corto"
"350 - Ministerio de Trabajo; Empleo y Seguridad Social",668,"salud_social",FALSE,16588137.3399464,0.30688622754491,2017,1,8.21801087150185,666,"grande","mixto","salud_social","pre2019","bajo","largo"
"350 - Secretaría de Gobierno de Trabajo y Empleo",167,"salud_social",FALSE,14658113.9298799,0.550898203592814,2017,1,28.5981641553281,165,"grande","mayoria_directa","salud_social","pre2019","bajo","largo"
"357 - Ministerio de Economía",400,"administracion",FALSE,19292181.4716732,0.2725,2020,1,0,400,"grande","mixto","administracion","2019_21","bajo","corto"
"357- Ministerio de Hacienda",126,"administracion",FALSE,5787332.94398502,0.103174603174603,2017,1,0,125,"media","mixto","administracion","pre2019","bajo","corto"
"362 - Ministerio de Desarrollo Productivo",373,"administracion",FALSE,26101156.1635345,0.482573726541555,2020,1,0,365,"grande","mixto","administracion","2019_21","bajo","corto"
"362 - Ministerio de Producción",1,"administracion",FALSE,19594098.0724898,0,2017,1,0,1,"grande","sin_directa","administracion","pre2019","bajo","corto"
"362 - Ministerio de Producción y Trabajo",68,"administracion",FALSE,38134169.1747996,0.470588235294118,2016,1,0,68,"grande","mixto","administracion","pre2019","bajo","corto"
"363 - Ministerio de Agricultura; Ganadería y Pesca",144,"administracion",FALSE,41072936.939561,0.451388888888889,2020,1,0,143,"grande","mixto","administracion","2019_21","bajo","corto"
"363 - Secretaría de Gobierno de Agroindustria",67,"administracion",FALSE,5742859.02513896,0.373134328358209,2017,1,0,67,"media","mixto","administracion","pre2019","bajo","corto"
"364-Ministerio de Obras Públicas",197,"infraestructura",FALSE,3682509.73137558,0.593908629441624,2018,1,0,196,"chica","mayoria_directa","infraestructura","pre2019","bajo","corto"
"365-Ministerio de Desarrollo Territorial y Hábitat",169,"infraestructura",FALSE,9311345.91826062,0.443786982248521,2020,1,0,167,"media","mixto","infraestructura","2019_21","bajo","corto"
"366 - Ministerio de Modernización",19,"administracion",FALSE,139629.393044276,0,2017,1,0,19,"chica","sin_directa","administracion","pre2019","bajo","corto"
"366 - Secretaría de Gobierno de Modernización",73,"administracion",FALSE,6784569.92225928,0.164383561643836,2016,1,0,73,"media","mixto","administracion","pre2019","bajo","corto"
"366 - Secretaría de Innovación Pública",129,"administracion",FALSE,1167202.32444254,0.24031007751938,2020,1,0,129,"chica","mixto","administracion","2019_21","bajo","corto"
"368 - SECRETARÍA DE COMUNICACIÓN Y MEDIOS DE LA PRESIDENCIA DE LA NACIÓN",84,"administracion",FALSE,12704680.3076566,0.357142857142857,2020,1,0,84,"grande","mixto","administracion","2019_21","bajo","corto"
"370 - Ministerio de Defensa",625,"seguridad_defensa",FALSE,2433960,0.36,2017,1,0,612,"chica","mixto","seguridad_defensa","pre2019","bajo","corto"
"371 - Estado Mayor Conjunto (EMCO)",2486,"seguridad_defensa",FALSE,3144176.40689168,0.106194690265487,2018,14,12.8186970285647,1931,"chica","mixto","seguridad_defensa","pre2019","alto","largo"
"372 - Instituto de Investigaciones Científicas y Técnicas para la Defensa",136,"seguridad_defensa",FALSE,4347759.88297232,0.573529411764706,2017,NA,NA,NA,"media","mayoria_directa","seguridad_defensa","pre2019",NA,NA
"374 - Estado Mayor General del Ejercito",37648,"seguridad_defensa",TRUE,2251986.49312753,0.0291117722056949,2019,15,17.2606028135051,31507,"chica","mixto","seguridad_defensa","2019_21","alto","largo"
"375 - Gendarmeria Nacional",13315,"seguridad_defensa",TRUE,2018579.48469587,0.766729252722493,2018,77,318.040265860518,10048,"chica","mayoria_directa","seguridad_defensa","pre2019","alto","largo"
"376 - Subsecreataría de Planeamiento Operativo y Servicio Logístico de la Defensa",271,"seguridad_defensa",FALSE,15465165.2526692,0.191881918819188,2017,1,0,265,"grande","mixto","seguridad_defensa","pre2019","bajo","corto"
"376 - Subsecretaría de Planeamiento Operativo y Servicio Logístico de la Defensa",1308,"seguridad_defensa",FALSE,5248602.5002872,0.193425076452599,2020,1,0,1286,"media","mixto","seguridad_defensa","2019_21","bajo","corto"
"377 - INFRAESTRUCTURA ECONOMICA Y SOCIAL",23,"infraestructura",FALSE,24150680.163927,0.173913043478261,2024,1,0,23,"grande","mixto","infraestructura","2022plus","bajo","corto"
"379 - Estado Mayor General de la Armada",19154,"seguridad_defensa",TRUE,3245448.36985017,0.0996136577216247,2018,9,26.8702955922759,17155,"chica","mixto","seguridad_defensa","pre2019","alto","largo"
"380 - Prefectura Naval Argentina",388,"seguridad_defensa",TRUE,59970687.2320068,0.095360824742268,2018,1,0,363,"grande","mixto","seguridad_defensa","pre2019","bajo","corto"
"381 - Estado Mayor General de La Fuerza Aérea",15416,"seguridad_defensa",TRUE,1834448.08629175,0.556564608199273,2018,9,20.8815830195132,12757,"chica","mayoria_directa","seguridad_defensa","pre2019","alto","largo"
"382 - Policia de Seguridad Aeroportuaria",371,"seguridad_defensa",FALSE,9340310.79,0.444743935309973,2017,1,0,368,"media","mixto","seguridad_defensa","pre2019","bajo","corto"
"386-Ministerio de las Mujeres; Géneros y Diversidad",170,"salud_social",FALSE,8065397.67214621,0.558823529411765,2020,1,0,169,"media","mayoria_directa","salud_social","2019_21","bajo","corto"
"388 - MINSTERIO DE CAPITAL HUMANO",33,"salud_social",FALSE,1992749.81313378,0.484848484848485,2024,1,0,33,"chica","mixto","salud_social","2022plus","bajo","corto"
"389 - Ministerio de Desregulación y Transformación del Estado",7,"administracion",FALSE,7184430.83092962,0.142857142857143,2025,1,0,7,"media","mixto","administracion","2022plus","bajo","corto"
"403 - Superintendencia de Bienestar de la Policia Federal Argentina",1689,"seguridad_defensa",FALSE,14865952.6967805,0.158673771462404,2019,1,0,1682,"grande","mixto","seguridad_defensa","2019_21","bajo","corto"
"450 - Instituto Geográfico Nacional",318,"ciencia_universidad",FALSE,1817910.45225533,0.827044025157233,2017,1,0,313,"chica","mayoria_directa","ciencia_universidad","pre2019","bajo","corto"
"451 - Dirección General de Fabricaciones Militares",183,"seguridad_defensa",FALSE,2930662.81523685,0.846994535519126,2017,4,293.685082273548,176,"chica","mayoria_directa","seguridad_defensa","pre2019","alto","largo"
"452 - Servicio Metereológico Nacional",199,"ciencia_universidad",FALSE,14487216.7038089,0.376884422110553,2017,1,0,195,"grande","mixto","ciencia_universidad","pre2019","bajo","corto"
"470 - Instituto de Ayuda Financiera para pago de Retiros y Pensiones Militares",380,"seguridad_defensa",FALSE,5335223.4842288,0.689473684210526,2019,1,0,377,"media","mayoria_directa","seguridad_defensa","2019_21","bajo","corto"
"556 - Autoridad de Cuenca Matanza Riachuelo",493,"infraestructura",FALSE,7148919.33614078,0.488843813387424,2018,1,0,487,"media","mixto","infraestructura","pre2019","bajo","corto"
"602 - Comisión Nacional de Valores",350,"administracion",FALSE,4402905.10416115,0.617142857142857,2017,1,0,347,"media","mayoria_directa","administracion","pre2019","bajo","corto"
"603 - Superintendencia de Seguros de la Nación",128,"administracion",FALSE,5411774.82736531,0.4140625,2017,1,0,127,"media","mixto","administracion","pre2019","bajo","corto"
"604 - Dirección Nacional de Vialidad",12662,"infraestructura",TRUE,3409051.47500154,0.610330121623756,2017,15,412.333803319777,7949,"chica","mayoria_directa","infraestructura","pre2019","alto","largo"
"607 - Instituto Nacional de Investigación y Desarrollo Pesquero",1750,"ciencia_universidad",FALSE,1768960.98110728,0.697142857142857,2018,1,386.322385325894,1736,"chica","mayoria_directa","ciencia_universidad","pre2019","bajo","largo"
"608 - Instituto Nacional de Tecnología Industrial",23,"ciencia_universidad",FALSE,8853600,0.260869565217391,2018,NA,NA,NA,"media","mixto","ciencia_universidad","pre2019",NA,NA
"609 - Instituto Nacional de Vitivinicultura",661,"administracion",FALSE,1819071.63491807,0.877458396369138,2018,1,957.699846108196,657,"chica","mayoria_directa","administracion","pre2019","bajo","largo"
"612 - Tribunal de Tasaciones de la Nación",59,"administracion",FALSE,3034680,0.389830508474576,2018,1,0,59,"chica","mixto","administracion","pre2019","bajo","corto"
"613 - Ente Nacional de Obras Hídricas de Saneamiento",364,"infraestructura",FALSE,910630.594931681,0.876373626373626,2017,1,0,361,"chica","mayoria_directa","infraestructura","pre2019","bajo","corto"
"614 - Instituto Nacional de Semillas",247,"administracion",FALSE,4652831.78090457,0.526315789473684,2020,1,0,247,"media","mayoria_directa","administracion","2019_21","bajo","corto"
"614 - Instituto Nacional de las Semillas",56,"administracion",FALSE,4670590.84651282,0.696428571428571,2017,1,0,56,"media","mayoria_directa","administracion","pre2019","bajo","corto"
"620 - Tribunal Fiscal de la Nación",74,"administracion",FALSE,3045672.99241717,0.837837837837838,2017,1,0,74,"chica","mayoria_directa","administracion","pre2019","bajo","corto"
"622 - Instituto Nacional de la Propiedad Industrial",290,"administracion",FALSE,2536631.87109515,0.713793103448276,2018,1,0,287,"chica","mayoria_directa","administracion","pre2019","bajo","corto"
"623 - Servicio Nacional de Sanidad y Calidad Agroalimentaria",1166,"administracion",FALSE,16152107.2364844,0.282161234991424,2017,1,0,1149,"grande","mixto","administracion","pre2019","bajo","corto"
"624 - Servicio Geológico Minero Argentino",268,"ciencia_universidad",FALSE,5022531.10476839,0.638059701492537,2018,1,0,268,"media","mayoria_directa","ciencia_universidad","pre2019","bajo","corto"
"651 - Ente Nacional Regulador del Gas",718,"administracion",FALSE,3361079.85409164,0.746518105849582,2018,1,0,714,"chica","mayoria_directa","administracion","pre2019","bajo","corto"
"652 - Ente Nacional Regulador de la Electricidad",188,"administracion",FALSE,3034418.78173346,0.617021276595745,2019,1,0,187,"chica","mayoria_directa","administracion","2019_21","bajo","corto"
"656 - Organismo Regulador de Seguridad de Presas",36,"administracion",FALSE,9659072.529316,0.611111111111111,2017,1,0,36,"media","mayoria_directa","administracion","pre2019","bajo","corto"
"661 - Comisión Nacional de Regulación de Transporte",755,"administracion",FALSE,3821129.47571665,0.59205298013245,2017,1,0,753,"chica","mayoria_directa","administracion","pre2019","bajo","corto"
"664 - Organismo Regulador del Sistema Nacional de Aeropuertos",193,"administracion",FALSE,2151001.69284412,0.647668393782383,2017,1,0,192,"chica","mayoria_directa","administracion","pre2019","bajo","corto"
"669 - Administración Nacional de Aviación Civil",373,"administracion",FALSE,9410764.81999036,0.587131367292225,2017,1,0,369,"media","mayoria_directa","administracion","pre2019","bajo","corto"
"670 - Unidad de Información Financiera",105,"administracion",FALSE,10781041.2852363,0.676190476190476,2017,1,0,105,"grande","mayoria_directa","administracion","pre2019","bajo","corto"
"671 - JUNTA DE SEGURIDAD EN EL TRANSPORTE",390,"administracion",FALSE,4112261.87682813,0.630769230769231,2017,1,0,386,"media","mayoria_directa","administracion","pre2019","bajo","corto"
"673 - AGENCIA NACIONAL DE PUERTOS Y NAVEGACIÓN",1,"administracion",FALSE,0.704619964193096,0,2025,1,0,1,"chica","sin_directa","administracion","2022plus","bajo","corto"
"716 - BICE Fideicomisos S.A",3,"administracion",FALSE,NA,0,2019,NA,NA,NA,"sin_ars","sin_directa","administracion","2019_21",NA,NA
"801 - Instituto Nacional de Cine y Artes Audiovisuales - INCAA",369,"cultura_educacion",FALSE,5422998,0.707317073170732,2020,1,0,368,"media","mayoria_directa","cultura_educacion","2019_21","bajo","corto"
"802 - Fondo Nacional de las Artes",84,"cultura_educacion",FALSE,529332.810568203,0.80952380952381,2018,1,0,82,"chica","mayoria_directa","cultura_educacion","pre2019","bajo","corto"
"804 - Comisión Nacional de Evaluación y Acreditación Universitaria",142,"ciencia_universidad",FALSE,3185994.12038123,0.753521126760563,2017,1,0,139,"chica","mayoria_directa","ciencia_universidad","pre2019","bajo","corto"
"850 - Administración Nacional de la Seguridad Social",983,"salud_social",FALSE,43485737.991977,0.496439471007121,2017,1,11.9457396226282,965,"grande","mixto","salud_social","pre2019","bajo","largo"
"852 - Superintendencia de Riesgos de Trabajo",172,"administracion",FALSE,70286013.8343956,0.540697674418605,2017,1,0,162,"grande","mayoria_directa","administracion","pre2019","bajo","corto"
"852 - Superintendencia de Riesgos del Trabajo",697,"administracion",FALSE,17136424.2446427,0.431850789096126,2020,1,0,691,"grande","mixto","administracion","2019_21","bajo","corto"
"902 - Hospital Nacional en Red Especializado en Salud Mental y Adicciones Licenciada Laura Bonaparte",682,"salud_social",FALSE,2733412.58292255,0.585043988269795,2018,1,0,679,"chica","mayoria_directa","salud_social","pre2019","bajo","corto"
"903 - Hospital Nacional Dr Baldomero Sommer",1906,"salud_social",FALSE,4053094.34638037,0.448058761804827,2018,1,47.0394198488273,1901,"chica","mixto","salud_social","pre2019","bajo","largo"
"904 - Administración Nacional de Medicamentos; Alimentos y Tecnología Médica - ANMAT",1339,"salud_social",FALSE,4621442.05,0.380881254667662,2018,1,0,1335,"media","mixto","salud_social","pre2019","bajo","corto"
"905 - Instituto Nacional Central Único Coordinador de Ablación e Implante",516,"salud_social",FALSE,4396555.79467565,0.468992248062016,2018,1,0,515,"media","mixto","salud_social","pre2019","bajo","corto"
"906 - Administración Nacional de Laboratorios e Institutos de Salud “Dr. Carlos Malbrán",3979,"salud_social",FALSE,1954415.19065065,0.562955516461423,2018,1,0,3926,"chica","mayoria_directa","salud_social","pre2019","bajo","corto"
"908 - Hospital Nacional Dr. Alejandro Posadas",294,"salud_social",FALSE,22356817.9237593,0.428571428571429,2017,1,14.5178858479299,293,"grande","mixto","salud_social","pre2019","bajo","largo"
"908 - Hospital Nacional Profesor Alejandro Posadas",1630,"salud_social",FALSE,23471538.1738023,0.284662576687117,2020,1,14.5178858479299,1602,"grande","mixto","salud_social","2019_21","bajo","largo"
"909 - Colonia Nacional Dr. Manuel Montes de Oca",927,"salud_social",FALSE,5301444.90775604,0.415318230852211,2018,1,66.2594743526752,927,"media","mixto","salud_social","pre2019","bajo","largo"
"910 - Instituto Nacional de Rehabilitación Psicofísica del Sur DR. Juan otimio Tessone",114,"salud_social",FALSE,2346857.68923499,0.745614035087719,2018,1,386.322385325894,113,"chica","mayoria_directa","salud_social","pre2019","bajo","largo"
"910 - Instituto Nacional de Rehabilitación Psicofísica del Sur Dr. Juan Otimio Tesone",660,"salud_social",FALSE,1783854.36354018,0.472727272727273,2020,1,386.322385325894,658,"chica","mixto","salud_social","2019_21","bajo","largo"
"911 - Instituto Nacional de Servicios Sociales para Jubilados y Pensionados - INSSJP",28,"salud_social",FALSE,3520661.80871374,1,2019,2,0,26,"chica","mayoria_directa","salud_social","2019_21","alto","corto"
"914 - Superintendecia de Servicios de Salud",129,"salud_social",FALSE,3785897.66580938,0.689922480620155,2017,1,0,125,"chica","mayoria_directa","salud_social","pre2019","bajo","corto"
"914 - Superintendencia de Servicios de Salud",293,"salud_social",FALSE,8400000,0.617747440273038,2020,1,0,289,"media","mayoria_directa","salud_social","2019_21","bajo","corto"
"915 - Instituto Nacional del Cáncer",35,"salud_social",FALSE,7839463.34984054,0.571428571428571,2018,1,0,35,"media","mayoria_directa","salud_social","pre2019","bajo","corto"
"916 - Agencia Nacional de Laboratorios Públicos",4,"salud_social",FALSE,14392451.621244,0.5,2018,1,0,3,"grande","mixto","salud_social","pre2019","bajo","corto"
"917 - Agencia Nacional de Discapacidad",200,"salud_social",FALSE,12751049.1409989,0.215,2018,1,0,199,"grande","mixto","salud_social","pre2019","bajo","corto"
"918 - Instituto Nacional de las Mujeres",3,"salud_social",FALSE,576266.105127201,0,2018,1,0,3,"chica","sin_directa","salud_social","pre2019","bajo","corto"
"9196 - Dirección de Obra Social del Servicio Penitenciario Federal",28,"seguridad_defensa",FALSE,1422628.05469189,0.964285714285714,2019,1,0,28,"chica","mayoria_directa","seguridad_defensa","2019_21","bajo","corto"
