"saf_id","n_adj","tipo","med_real","share_directa","min_ej","n_loc","med_km","presupuesto","estructura","dotacion","A_escala","A_directa","A_tipo","A_cohorte","A_anclaje","A_institucional","A_presupuesto","S_dotacion"
"101",384,"ciencia_universidad",1233117.19834313,0.864583333333333,2018,NA,NA,2828.044712,"administracion_descentralizada",278,"chica","mayoria_directa","ciencia_universidad","pre2019","sin_geo","administracion_descentralizada","bajo","1"
"103",107,"ciencia_universidad",2602464.50709653,0.803738317757009,2018,1,0,199560.966647,"administracion_descentralizada",26446,"chica","mayoria_directa","ciencia_universidad","pre2019","una_sede","administracion_descentralizada","alto","3"
"105",5077,"ciencia_universidad",2430693.36428967,0.734094937955486,2018,4,28.5981641553281,90490.344035,"administracion_descentralizada",3924,"chica","mayoria_directa","ciencia_universidad","pre2019","multi_sede","administracion_descentralizada","alto","3"
"106",661,"ciencia_universidad",8367549.44,0.46142208774584,2018,1,0,19600.047784,"administracion_descentralizada",272,"media","mixto","ciencia_universidad","pre2019","una_sede","administracion_descentralizada","medio","1"
"107",5414,"administracion",1867160.10979441,0.0443295160694496,2018,18,450.855231174589,33199.958968,"administracion_descentralizada",2079,"chica","mixto","administracion","pre2019","multi_sede","administracion_descentralizada","medio","3"
"108",330,"ciencia_universidad",5976734.60197165,0.0181818181818182,2019,NA,NA,3031.507641,"administracion_descentralizada",279,"media","mixto","ciencia_universidad","2019_21","sin_geo","administracion_descentralizada","bajo","1"
"109",333,"administracion",2171178.32883828,0.726726726726727,2016,1,0,7194.460006,"administracion_descentralizada",512,"chica","mayoria_directa","administracion","pre2019","una_sede","administracion_descentralizada","medio","2"
"112",737,"ciencia_universidad",2317902.18703783,0.492537313432836,2017,1,0,6247.954762,"administracion_descentralizada",355,"chica","mixto","ciencia_universidad","pre2019","una_sede","administracion_descentralizada","bajo","2"
"113",731,"cultura_educacion",1481057.78782845,0.785225718194254,2018,1,0,3310.82036,"administracion_descentralizada",378,"chica","mayoria_directa","cultura_educacion","pre2019","una_sede","administracion_descentralizada","bajo","2"
"114",238,"administracion",4800000,0.247899159663866,2017,1,0,14371.661215,"administracion_descentralizada",498,"media","mixto","administracion","pre2019","una_sede","administracion_descentralizada","medio","2"
"116",521,"cultura_educacion",7925287,0.64299424184261,2018,1,0,12841.625466,"administracion_descentralizada",777,"media","mayoria_directa","cultura_educacion","pre2019","una_sede","administracion_descentralizada","medio","2"
"117",81,"cultura_educacion",4554863.16215242,0.617283950617284,2018,1,0,3104.714299,"administracion_descentralizada",174,"media","mayoria_directa","cultura_educacion","pre2019","una_sede","administracion_descentralizada","bajo","1"
"118",15,"salud_social",21113523.1657199,0.533333333333333,2017,1,0,2357.352003,"administracion_descentralizada",181,"grande","mayoria_directa","salud_social","pre2019","una_sede","administracion_descentralizada","bajo","1"
"120",34,"administracion",12142000.8992225,0.411764705882353,2019,1,0,NA,"administracion_descentralizada",NA,"grande","mixto","administracion","2019_21","una_sede","administracion_descentralizada","sin_presupuesto","sin_dato"
"121",220,"ciencia_universidad",5553485.88065292,0.463636363636364,2020,1,0,1090.683059,"administracion_descentralizada",39,"media","mixto","ciencia_universidad","2019_21","una_sede","administracion_descentralizada","bajo","1"
"173",54,"ciencia_universidad",7013708.42096481,0.462962962962963,2022,1,0,25143.370569,"administracion_descentralizada",173,"media","mixto","ciencia_universidad","2022plus","una_sede","administracion_descentralizada","medio","1"
"200",298,"administracion",50682201.9781478,0.248322147651007,2017,1,0,47591.817191,"administracion_descentralizada",2603,"grande","mixto","administracion","pre2019","una_sede","administracion_descentralizada","medio","3"
"201",629,"administracion",15620218.5230045,0.189189189189189,2017,1,0,42726.414394,"administracion_descentralizada",3990,"grande","mixto","administracion","pre2019","una_sede","administracion_descentralizada","medio","3"
"202",118,"administracion",4358877.97034002,0.838983050847458,2017,1,0,2354.812228,"administracion_descentralizada",NA,"media","mayoria_directa","administracion","pre2019","una_sede","administracion_descentralizada","bajo","sin_dato"
"203",152,"administracion",18478656.6478381,0.460526315789474,2018,1,0,8016.012837,"administracion_descentralizada",738,"grande","mixto","administracion","pre2019","una_sede","administracion_descentralizada","medio","2"
"205",354,"administracion",12689084.7240433,0.358757062146893,2016,1,0,5392.413291,"administracion_descentralizada",389,"grande","mixto","administracion","pre2019","una_sede","administracion_descentralizada","bajo","2"
"206",42,"administracion",6444250.78680842,0.904761904761905,2018,1,0,853.629587,"administracion_descentralizada",29,"media","mayoria_directa","administracion","pre2019","una_sede","administracion_descentralizada","bajo","1"
"207",374,"administracion",13250983.8105518,0.328877005347594,2017,1,0,22792.5656,"administracion_descentralizada",1349,"grande","mixto","administracion","pre2019","una_sede","administracion_descentralizada","medio","3"
"208",138,"administracion",9600000,0.623188405797101,2017,1,0,1278.060017,"administracion_descentralizada",NA,"grande","mayoria_directa","administracion","pre2019","una_sede","administracion_descentralizada","bajo","sin_dato"
"209",93,"administracion",4499133.33784893,0.602150537634409,2019,1,0,989.69287,"administracion_descentralizada",70,"media","mayoria_directa","administracion","2019_21","una_sede","administracion_descentralizada","bajo","1"
"250",302,"seguridad_defensa",2089185.5604247,0.473509933774834,2018,1,0,780825.921078,"administracion_descentralizada",322,"chica","mixto","seguridad_defensa","pre2019","una_sede","administracion_descentralizada","alto","1"
"301",805,"administracion",10637284.7002921,0.46583850931677,2016,1,0,21059.482123,"administracion_centralizada",NA,"grande","mixto","administracion","pre2019","una_sede","administracion_centralizada","medio","sin_dato"
"303",413,"salud_social",2641133.09668555,0.753026634382567,2017,1,0,19612.981394,"administracion_centralizada",NA,"chica","mayoria_directa","salud_social","pre2019","una_sede","administracion_centralizada","medio","sin_dato"
"305",905,"administracion",10456527.0021865,0.425414364640884,2016,1,0,48449.815675,"administracion_centralizada",NA,"grande","mixto","administracion","pre2019","una_sede","administracion_centralizada","medio","sin_dato"
"307",844,"administracion",4334273.2965161,0.517772511848341,2016,1,0,188314.79902,"administracion_centralizada",NA,"media","mayoria_directa","administracion","pre2019","una_sede","administracion_centralizada","alto","sin_dato"
"310",993,"salud_social",248901355.923284,0.390735146022155,2017,1,0,442807.18802,"administracion_centralizada",NA,"grande","mixto","salud_social","pre2019","una_sede","administracion_centralizada","alto","sin_dato"
"311",1126,"salud_social",164113515.686669,0.382770870337478,2016,1,11.6084026781501,2117666.320981,"administracion_centralizada",NA,"grande","mixto","salud_social","pre2019","una_sede","administracion_centralizada","alto","sin_dato"
"317",426,"administracion",8276894.85717859,0.422535211267606,2017,1,0,50574.036621,"administracion_centralizada",NA,"media","mixto","administracion","pre2019","una_sede","administracion_centralizada","medio","sin_dato"
"321",346,"administracion",12109013.6281629,0.23121387283237,2017,1,0,15624.389657,"administracion_desconcentrada",1276,"grande","mixto","administracion","pre2019","una_sede","administracion_desconcentrada","medio","3"
"322",655,"administracion",13145945.7471488,0.323664122137405,2017,1,0,73159.166253,"administracion_centralizada",NA,"grande","mixto","administracion","pre2019","una_sede","administracion_centralizada","alto","sin_dato"
"323",66,"administracion",1166655.25921531,0.803030303030303,2017,1,0,510.456122,"administracion_desconcentrada",43,"chica","mayoria_directa","administracion","pre2019","una_sede","administracion_desconcentrada","bajo","1"
"325",496,"administracion",14732316.1106031,0.290322580645161,2017,1,0,249040.708559,"administracion_centralizada",NA,"grande","mixto","administracion","pre2019","una_sede","administracion_centralizada","alto","sin_dato"
"326",266,"seguridad_defensa",38012024.262504,0.206766917293233,2018,1,0,295213.534665,"administracion_descentralizada",322,"grande","mixto","seguridad_defensa","pre2019","una_sede","administracion_descentralizada","alto","1"
"327",246,"infraestructura",11373757.6862169,0.434959349593496,2017,1,0,596743.594701,"administracion_centralizada",NA,"grande","mixto","infraestructura","pre2019","una_sede","administracion_centralizada","alto","sin_dato"
"328",52,"administracion",8770432.73911372,0.673076923076923,2016,1,0,2244751.55071,"administracion_centralizada",NA,"media","mayoria_directa","administracion","pre2019","una_sede","administracion_centralizada","alto","sin_dato"
"330",846,"cultura_educacion",115147896.344223,0.463356973995272,2017,1,0,2477153.331851,"administracion_centralizada",NA,"grande","mixto","cultura_educacion","pre2019","una_sede","administracion_centralizada","alto","sin_dato"
"331",266,"seguridad_defensa",32371876.4644583,0.0714285714285714,2017,1,0,125229.682424,"administracion_descentralizada",NA,"grande","mixto","seguridad_defensa","pre2019","una_sede","administracion_descentralizada","alto","sin_dato"
"332",462,"administracion",5593228.79579402,0.16017316017316,2016,1,0,20762.367937,"administracion_centralizada",NA,"media","mixto","administracion","pre2019","una_sede","administracion_centralizada","medio","sin_dato"
"336",265,"ciencia_universidad",12644392.343799,0.392452830188679,2017,1,0,79431.100246,"administracion_centralizada",NA,"grande","mixto","ciencia_universidad","pre2019","una_sede","administracion_centralizada","alto","sin_dato"
"337",1473,"cultura_educacion",9948638.54779455,0.405974202308215,2016,1,0,NA,"administracion_centralizada",NA,"grande","mixto","cultura_educacion","pre2019","una_sede","administracion_centralizada","sin_presupuesto","sin_dato"
"338",210,"administracion",7229075.81487353,0.376190476190476,2016,1,0,4492.497069,"administracion_centralizada",NA,"media","mixto","administracion","pre2019","una_sede","administracion_centralizada","bajo","sin_dato"
"341",177,"salud_social",11038917.0219708,0.576271186440678,2017,1,0,36797.364075,"administracion_descentralizada",NA,"grande","mayoria_directa","salud_social","pre2019","una_sede","administracion_descentralizada","medio","sin_dato"
"343",714,"seguridad_defensa",13149945.3746151,0.301120448179272,2016,1,0,78567.436627,"administracion_centralizada",NA,"grande","mixto","seguridad_defensa","pre2019","una_sede","administracion_centralizada","alto","sin_dato"
"345",86,"salud_social",6880294.98046638,0.430232558139535,2017,1,0,2746.441219,"administracion_desconcentrada",152,"media","mixto","salud_social","pre2019","una_sede","administracion_desconcentrada","bajo","1"
"347",294,"administracion",5671317.9962062,0.700680272108844,2017,1,0,NA,"administracion_centralizada",NA,"media","mayoria_directa","administracion","pre2019","una_sede","administracion_centralizada","sin_presupuesto","sin_dato"
"349",163,"administracion",5070168.4539874,0.785276073619632,2019,1,0,2000.316826,"administracion_desconcentrada",167,"media","mayoria_directa","administracion","2019_21","una_sede","administracion_desconcentrada","bajo","1"
"350",835,"salud_social",16236446.9921236,0.355688622754491,2017,1,9.86123107296568,119738.306887,"administracion_centralizada",NA,"grande","mixto","salud_social","pre2019","una_sede","administracion_centralizada","alto","sin_dato"
"357",526,"administracion",16289155.7106591,0.231939163498099,2017,1,0,56711.277736,"administracion_centralizada",NA,"grande","mixto","administracion","pre2019","una_sede","administracion_centralizada","medio","sin_dato"
"362",442,"administracion",28101545.2464427,0.479638009049774,2016,1,0,225995.396715,"administracion_centralizada",NA,"grande","mixto","administracion","pre2019","una_sede","administracion_centralizada","alto","sin_dato"
"363",211,"administracion",20943133.1578364,0.42654028436019,2017,1,0,113222.978827,"administracion_centralizada",NA,"grande","mixto","administracion","pre2019","una_sede","administracion_centralizada","alto","sin_dato"
"364",197,"infraestructura",3682509.73137558,0.593908629441624,2018,1,0,409960.669569,"administracion_centralizada",NA,"chica","mayoria_directa","infraestructura","pre2019","una_sede","administracion_centralizada","alto","sin_dato"
"365",169,"infraestructura",9311345.91826062,0.443786982248521,2020,1,0,427034.297136,"administracion_centralizada",NA,"media","mixto","infraestructura","2019_21","una_sede","administracion_centralizada","alto","sin_dato"
"366",221,"administracion",1716328.84014272,0.194570135746606,2016,1,0,NA,"administracion_centralizada",NA,"chica","mixto","administracion","pre2019","una_sede","administracion_centralizada","sin_presupuesto","sin_dato"
"368",84,"administracion",12704680.3076566,0.357142857142857,2020,1,0,50562.403709,"administracion_centralizada",NA,"grande","mixto","administracion","2019_21","una_sede","administracion_centralizada","medio","sin_dato"
"370",625,"seguridad_defensa",2433960,0.36,2017,1,0,27804.323165,"administracion_centralizada",NA,"chica","mixto","seguridad_defensa","pre2019","una_sede","administracion_centralizada","medio","sin_dato"
"371",2486,"seguridad_defensa",3144176.40689168,0.106194690265487,2018,14,12.8186970285647,12894.757956,"administracion_desconcentrada",360,"chica","mixto","seguridad_defensa","pre2019","multi_sede","administracion_desconcentrada","medio","2"
"372",136,"seguridad_defensa",4347759.88297232,0.573529411764706,2017,NA,NA,3984.66232,"administracion_descentralizada",NA,"media","mayoria_directa","seguridad_defensa","pre2019","sin_geo","administracion_descentralizada","bajo","sin_dato"
"374",37648,"seguridad_defensa",2251986.49312753,0.0291117722056949,2019,15,17.2606028135051,445070.148802,"administracion_desconcentrada",6374,"chica","mixto","seguridad_defensa","2019_21","multi_sede","administracion_desconcentrada","alto","3"
"375",13315,"seguridad_defensa",2018579.48469587,0.766729252722493,2018,77,318.040265860518,421655.948859,"administracion_desconcentrada",689,"chica","mayoria_directa","seguridad_defensa","pre2019","multi_sede","administracion_desconcentrada","alto","2"
"376",1579,"seguridad_defensa",6652539.49123979,0.1931602279924,2017,1,0,2671.581705,"administracion_centralizada",NA,"media","mixto","seguridad_defensa","pre2019","una_sede","administracion_centralizada","bajo","sin_dato"
"377",23,"infraestructura",24150680.163927,0.173913043478261,2024,1,0,56837.743293,"otro",NA,"grande","mixto","infraestructura","2022plus","una_sede","otro","alto","sin_dato"
"379",19154,"seguridad_defensa",3245448.36985017,0.0996136577216247,2018,9,26.8702955922759,224227.02234,"administracion_desconcentrada",7350,"chica","mixto","seguridad_defensa","pre2019","multi_sede","administracion_desconcentrada","alto","3"
"380",388,"seguridad_defensa",59970687.2320068,0.095360824742268,2018,1,0,224082.813005,"administracion_desconcentrada",505,"grande","mixto","seguridad_defensa","pre2019","una_sede","administracion_desconcentrada","alto","2"
"381",15416,"seguridad_defensa",1834448.08629175,0.556564608199273,2018,9,20.8815830195132,192667.75281,"administracion_desconcentrada",5479,"chica","mayoria_directa","seguridad_defensa","pre2019","multi_sede","administracion_desconcentrada","alto","3"
"382",371,"seguridad_defensa",9340310.79,0.444743935309973,2017,1,0,52654.879997,"administracion_desconcentrada",724,"media","mixto","seguridad_defensa","pre2019","una_sede","administracion_desconcentrada","medio","2"
"386",170,"salud_social",8065397.67214621,0.558823529411765,2020,1,0,NA,"administracion_centralizada",NA,"media","mayoria_directa","salud_social","2019_21","una_sede","administracion_centralizada","sin_presupuesto","sin_dato"
"388",33,"salud_social",1992749.81313378,0.484848484848485,2024,1,0,141846.263018,"administracion_centralizada",NA,"chica","mixto","salud_social","2022plus","una_sede","administracion_centralizada","alto","sin_dato"
"389",7,"administracion",7184430.83092962,0.142857142857143,2025,1,0,NA,"administracion_centralizada",NA,"media","mixto","administracion","2022plus","una_sede","administracion_centralizada","sin_presupuesto","sin_dato"
"403",1689,"seguridad_defensa",14865952.6967805,0.158673771462404,2019,1,0,NA,"administracion_descentralizada",NA,"grande","mixto","seguridad_defensa","2019_21","una_sede","administracion_descentralizada","sin_presupuesto","sin_dato"
"450",318,"ciencia_universidad",1817910.45225533,0.827044025157233,2017,1,0,2441.03254,"administracion_descentralizada",269,"chica","mayoria_directa","ciencia_universidad","pre2019","una_sede","administracion_descentralizada","bajo","1"
"451",183,"seguridad_defensa",2930662.81523685,0.846994535519126,2017,4,293.685082273548,NA,"empresas_y_sociedades",1142,"chica","mayoria_directa","seguridad_defensa","pre2019","multi_sede","empresas_y_sociedades","sin_presupuesto","3"
"452",199,"ciencia_universidad",14487216.7038089,0.376884422110553,2017,1,0,9556.939493,"administracion_descentralizada",1053,"grande","mixto","ciencia_universidad","pre2019","una_sede","administracion_descentralizada","medio","3"
"470",380,"seguridad_defensa",5335223.4842288,0.689473684210526,2019,1,0,546572.971715,"administracion_descentralizada",533,"media","mayoria_directa","seguridad_defensa","2019_21","una_sede","administracion_descentralizada","alto","2"
"556",493,"infraestructura",7148919.33614078,0.488843813387424,2018,1,0,NA,"administracion_descentralizada",NA,"media","mixto","infraestructura","pre2019","una_sede","administracion_descentralizada","sin_presupuesto","sin_dato"
"602",350,"administracion",4402905.10416115,0.617142857142857,2017,1,0,4700.739314,"administracion_descentralizada",310,"media","mayoria_directa","administracion","pre2019","una_sede","administracion_descentralizada","bajo","1"
"603",128,"administracion",5411774.82736531,0.4140625,2017,1,0,10250.410729,"administracion_descentralizada",489,"media","mixto","administracion","pre2019","una_sede","administracion_descentralizada","medio","2"
"604",12662,"infraestructura",3409051.47500154,0.610330121623756,2017,15,412.333803319777,473496.849216,"administracion_descentralizada",5304,"chica","mayoria_directa","infraestructura","pre2019","multi_sede","administracion_descentralizada","alto","3"
"607",1750,"ciencia_universidad",1768960.98110728,0.697142857142857,2018,1,386.322385325894,6588.880548,"administracion_descentralizada",384,"chica","mayoria_directa","ciencia_universidad","pre2019","una_sede","administracion_descentralizada","bajo","2"
"608",23,"ciencia_universidad",8853600,0.260869565217391,2018,NA,NA,31160.996823,"administracion_descentralizada",2415,"media","mixto","ciencia_universidad","pre2019","sin_geo","administracion_descentralizada","medio","3"
"609",661,"administracion",1819071.63491807,0.877458396369138,2018,1,957.699846108196,7006.968772,"administracion_descentralizada",461,"chica","mayoria_directa","administracion","pre2019","una_sede","administracion_descentralizada","medio","2"
"612",59,"administracion",3034680,0.389830508474576,2018,1,0,1123.88411,"administracion_descentralizada",94,"chica","mixto","administracion","pre2019","una_sede","administracion_descentralizada","bajo","1"
"613",364,"infraestructura",910630.594931681,0.876373626373626,2017,1,0,79201.07677,"administracion_descentralizada",NA,"chica","mayoria_directa","infraestructura","pre2019","una_sede","administracion_descentralizada","alto","sin_dato"
"614",303,"administracion",4670590.84651282,0.557755775577558,2017,1,0,4248.378588,"administracion_descentralizada",247,"media","mayoria_directa","administracion","pre2019","una_sede","administracion_descentralizada","bajo","1"
"620",74,"administracion",3045672.99241717,0.837837837837838,2017,1,0,4131.756372,"administracion_descentralizada",252,"chica","mayoria_directa","administracion","pre2019","una_sede","administracion_descentralizada","bajo","1"
"622",290,"administracion",2536631.87109515,0.713793103448276,2018,1,0,5032.536494,"administracion_descentralizada",388,"chica","mayoria_directa","administracion","pre2019","una_sede","administracion_descentralizada","bajo","2"
"623",1166,"administracion",16152107.2364844,0.282161234991424,2017,1,0,72147.988655,"administracion_descentralizada",5586,"grande","mixto","administracion","pre2019","una_sede","administracion_descentralizada","alto","3"
"624",268,"ciencia_universidad",5022531.10476839,0.638059701492537,2018,1,0,3968.030497,"administracion_descentralizada",331,"media","mayoria_directa","ciencia_universidad","pre2019","una_sede","administracion_descentralizada","bajo","2"
"651",718,"administracion",3361079.85409164,0.746518105849582,2018,1,0,20065.359865,"administracion_descentralizada",582,"chica","mayoria_directa","administracion","pre2019","una_sede","administracion_descentralizada","medio","2"
"652",188,"administracion",3034418.78173346,0.617021276595745,2019,1,0,4821.291727,"administracion_descentralizada",345,"chica","mayoria_directa","administracion","2019_21","una_sede","administracion_descentralizada","bajo","2"
"656",36,"administracion",9659072.529316,0.611111111111111,2017,1,0,974.03671,"administracion_descentralizada",81,"grande","mayoria_directa","administracion","pre2019","una_sede","administracion_descentralizada","bajo","1"
"661",755,"administracion",3821129.47571665,0.59205298013245,2017,1,0,14398.74644,"administracion_descentralizada",1246,"chica","mayoria_directa","administracion","pre2019","una_sede","administracion_descentralizada","medio","3"
"664",193,"administracion",2151001.69284412,0.647668393782383,2017,1,0,3544.600492,"administracion_descentralizada",207,"chica","mayoria_directa","administracion","pre2019","una_sede","administracion_descentralizada","bajo","1"
"669",373,"administracion",9410764.81999036,0.587131367292225,2017,1,0,20508.051634,"administracion_descentralizada",1725,"media","mayoria_directa","administracion","pre2019","una_sede","administracion_descentralizada","medio","3"
"670",105,"administracion",10781041.2852363,0.676190476190476,2017,1,0,3546.606757,"administracion_descentralizada",255,"grande","mayoria_directa","administracion","pre2019","una_sede","administracion_descentralizada","bajo","1"
"671",390,"administracion",4112261.87682813,0.630769230769231,2017,1,0,8077.505463,"administracion_descentralizada",382,"media","mayoria_directa","administracion","pre2019","una_sede","administracion_descentralizada","medio","2"
"673",1,"administracion",0.704619964193096,0,2025,1,0,NA,"administracion_descentralizada",NA,"chica","sin_directa","administracion","2022plus","una_sede","administracion_descentralizada","sin_presupuesto","sin_dato"
"716",3,"administracion",NA,0,2019,NA,NA,NA,"empresas_y_sociedades",149,"sin_ars","sin_directa","administracion","2019_21","sin_geo","empresas_y_sociedades","sin_presupuesto","1"
"801",369,"cultura_educacion",5422998,0.707317073170732,2020,1,0,NA,"otros_entes",602,"media","mayoria_directa","cultura_educacion","2019_21","una_sede","otros_entes","sin_presupuesto","2"
"802",84,"cultura_educacion",529332.810568203,0.80952380952381,2018,1,0,1507.252421,"administracion_descentralizada",101,"chica","mayoria_directa","cultura_educacion","pre2019","una_sede","administracion_descentralizada","bajo","1"
"804",142,"ciencia_universidad",3185994.12038123,0.753521126760563,2017,1,0,1666.389216,"administracion_descentralizada",148,"chica","mayoria_directa","ciencia_universidad","pre2019","una_sede","administracion_descentralizada","bajo","1"
"850",983,"salud_social",43485737.991977,0.496439471007121,2017,1,11.9457396226282,14857478.750916,"administracion_descentralizada",12762,"grande","mixto","salud_social","pre2019","una_sede","administracion_descentralizada","alto","3"
"852",869,"administracion",26211862.6679832,0.453394706559264,2017,1,0,4159.088633,"administracion_descentralizada",2440,"grande","mixto","administracion","pre2019","una_sede","administracion_descentralizada","bajo","3"
"902",682,"salud_social",2733412.58292255,0.585043988269795,2018,1,0,6691.456791,"administracion_descentralizada",599,"chica","mayoria_directa","salud_social","pre2019","una_sede","administracion_descentralizada","bajo","2"
"903",1906,"salud_social",4053094.34638037,0.448058761804827,2018,1,47.0394198488273,12829.313798,"administracion_descentralizada",1217,"media","mixto","salud_social","pre2019","una_sede","administracion_descentralizada","medio","3"
"904",1339,"salud_social",4621442.05,0.380881254667662,2018,1,0,14191.017741,"administracion_descentralizada",1255,"media","mixto","salud_social","pre2019","una_sede","administracion_descentralizada","medio","3"
"905",516,"salud_social",4396555.79467565,0.468992248062016,2018,1,0,8732.813805,"administracion_descentralizada",335,"media","mixto","salud_social","pre2019","una_sede","administracion_descentralizada","medio","2"
"906",3979,"salud_social",1954415.19065065,0.562955516461423,2018,1,0,14600.535903,"administracion_descentralizada",1163,"chica","mayoria_directa","salud_social","pre2019","una_sede","administracion_descentralizada","medio","3"
"908",1924,"salud_social",23168758.145448,0.306652806652807,2017,1,14.5178858479299,62351.004169,"administracion_descentralizada",4514,"grande","mixto","salud_social","pre2019","una_sede","administracion_descentralizada","alto","3"
"909",927,"salud_social",5301444.90775604,0.415318230852211,2018,1,66.2594743526752,11264.81469,"administracion_descentralizada",900,"media","mixto","salud_social","pre2019","una_sede","administracion_descentralizada","medio","2"
"910",774,"salud_social",1843640.05243392,0.512919896640827,2018,1,386.322385325894,4501.197276,"administracion_descentralizada",409,"chica","mayoria_directa","salud_social","pre2019","una_sede","administracion_descentralizada","bajo","2"
"911",28,"salud_social",3520661.80871374,1,2019,2,0,NA,"otros_entes",14032,"chica","mayoria_directa","salud_social","2019_21","multi_sede","otros_entes","sin_presupuesto","3"
"914",422,"salud_social",6697236,0.639810426540284,2017,1,0,93965.223442,"administracion_descentralizada",1056,"media","mayoria_directa","salud_social","pre2019","una_sede","administracion_descentralizada","alto","3"
"915",35,"salud_social",7839463.34984054,0.571428571428571,2018,1,0,3066.427821,"administracion_descentralizada",184,"media","mayoria_directa","salud_social","pre2019","una_sede","administracion_descentralizada","bajo","1"
"916",4,"salud_social",14392451.621244,0.5,2018,1,0,NA,"administracion_descentralizada",NA,"grande","mixto","salud_social","pre2019","una_sede","administracion_descentralizada","sin_presupuesto","sin_dato"
"917",200,"salud_social",12751049.1409989,0.215,2018,1,0,1352607.694206,"administracion_descentralizada",968,"grande","mixto","salud_social","pre2019","una_sede","administracion_descentralizada","alto","3"
"918",3,"salud_social",576266.105127201,0,2018,1,0,NA,"administracion_centralizada",NA,"chica","sin_directa","salud_social","pre2019","una_sede","administracion_centralizada","sin_presupuesto","sin_dato"
"9196",28,"seguridad_defensa",1422628.05469189,0.964285714285714,2019,1,0,NA,"administracion_descentralizada",NA,"chica","mayoria_directa","seguridad_defensa","2019_21","una_sede","administracion_descentralizada","sin_presupuesto","sin_dato"
