"sede_localidad","sede_provincia","unidades","acceso","lat","lon","fuente"
"CABA","CABA",179,0.205,-34.6075,-58.4371,"gacetero"
"Campo de Mayo","Buenos Aires",19,0.052,-34.5550627752485,-58.6522136037965,"gacetero"
"Córdoba","Córdoba",12,0.049,-31.4150461523809,-64.1791140755104,"gacetero"
"Mendoza","Mendoza",8,0.002,-32.8897325533642,-68.8444442314254,"gacetero"
"Mar del Plata","Buenos Aires",7,0.081,-38.0064494189987,-57.5438377776641,"gacetero"
"Río Gallegos","Santa Cruz",7,-0.049,-51.6234632663739,-69.2158645331237,"gacetero"
"Posadas","Misiones",6,-0.037,-27.3664259799962,-55.8939802751923,"gacetero"
"Bahía Blanca","Buenos Aires",5,0.053,-38.7227702772442,-62.2727419998288,"gacetero"
"El Palomar","Buenos Aires",5,0.122,-34.6108556165017,-58.5956810077115,"gacetero"
"Paraná","Entre Ríos",5,0.02,-31.7401601621031,-60.5274260494443,"gacetero"
"Punta Alta","Buenos Aires",5,0.145,-38.8781733532983,-62.0794804613607,"gacetero"
"Resistencia","Chaco",5,-0.059,-27.4510757112285,-58.9864835287395,"gacetero"
"Salta","Salta",5,-0.014,-24.7831983811283,-65.4102509654276,"gacetero"
"Santa Fe","Santa Fe",5,-0.021,-31.6574749533861,-60.7104784410123,"gacetero"
"Ushuaia","Tierra del Fuego",5,0.055,-54.8074039816905,-68.3037571781958,"gacetero"
"Corrientes","Corrientes",4,-0.099,-27.4633450136008,-58.8394728460849,"gacetero"
"Formosa","Formosa",4,-0.211,-26.185008983147,-58.1748964834654,"gacetero"
"San Carlos de Bariloche","Río Negro",4,0.003,-41.1358081611304,-71.3043392567773,"gacetero"
"San Martín de los Andes","Neuquén",4,-0.006,-40.1569379390652,-71.352714325536,"gacetero"
"San Miguel de Tucumán","Tucumán",4,-0.007,-26.8303887617109,-65.2037797033494,"gacetero"
"Santiago del Estero","Santiago del Estero",4,-0.049,-27.787684474002,-64.259668066644,"gacetero"
"Comodoro Rivadavia","Chubut",3,-0.09,-45.8625644045819,-67.494000786158,"gacetero"
"Ezeiza","Buenos Aires",3,0.256,-34.8543939582115,-58.524757807358,"gacetero"
"Neuquén","Neuquén",3,0.028,-38.9518288206176,-68.0591813073308,"gacetero"
"Puerto Belgrano","Buenos Aires",3,0.078,-38.8778269,-62.090821,"gacetero"
"Puerto Iguazú","Misiones",3,-0.068,-25.5972100979327,-54.5772230013845,"gacetero"
"Rosario","Santa Fe",3,-0.073,-32.9472133838031,-60.6331755763544,"gacetero"
"San Fernando del Valle de Catamarca","Catamarca",3,-0.004,-28.4690132409229,-65.7789173519908,"gacetero"
"San Juan","San Juan",3,-0.061,-31.5372590360945,-68.5250172058885,"gacetero"
"San Luis","San Luis",3,0.073,-33.3020864829706,-66.336854573535,"gacetero"
"San Salvador de Jujuy","Jujuy",3,-0.023,-24.1858286711634,-65.2994830799205,"gacetero"
"Barreal","San Juan",2,-0.155,-31.6447415,-69.4721794,"gacetero"
"Clorinda","Formosa",2,-0.141,-25.2860808806453,-57.7224081997743,"gacetero"
"Concordia","Entre Ríos",2,-0.05,-31.3974508914818,-58.0172034297914,"gacetero"
"El Calafate","Santa Cruz",2,-0.01,-50.3380295398274,-72.2606652422011,"gacetero"
"Embalse","Córdoba",2,-0.109,-32.206746994887,-64.4006426100595,"gacetero"
"Esquel","Chubut",2,-0.096,-42.9173207104894,-71.3215725535306,"gacetero"
"General Mosconi","Salta",2,-0.094,-22.5995511048695,-63.8113270912528,"gacetero"
"La Rioja","La Rioja",2,-0.065,-29.412884219358,-66.8558279775847,"gacetero"
"Moreno","Buenos Aires",2,0.058,-34.6469059433022,-58.7889292381186,"gacetero"
"Morón","Buenos Aires",2,0.004,-34.6474573245916,-58.6218615494078,"gacetero"
"Perito Moreno","Santa Cruz",2,-0.013,-46.5938169680365,-70.9299116754894,"gacetero"
"Rawson","Chubut",2,0.048,-43.3052236685054,-65.1036957322757,"gacetero"
"Río Grande","Tierra del Fuego",2,-0.059,-53.7863260891398,-67.6963281355519,"gacetero"
"Santo Tomé","Corrientes",2,-0.055,-28.5498158069218,-56.0348110765932,"gacetero"
"Trelew","Chubut",2,0.043,-43.2531867505795,-65.3093805893395,"gacetero"
"Viedma","Río Negro",2,0.114,-40.8083677299022,-62.9949287297467,"gacetero"
"Villa María","Córdoba",2,-0.085,-32.4135041930881,-63.248329032642,"gacetero"
"Zárate","Buenos Aires",2,0.008,-34.0989165196293,-59.0296629320907,"gacetero"
"Aguaray","Salta",1,-0.098,-22.2448726575794,-63.7353344088724,"gacetero"
"Aguilares","Tucumán",1,-0.145,-27.4350836108284,-65.6149801745018,"gacetero"
"Aluminé","Neuquén",1,-0.003,-39.2384698023024,-70.9159526192148,"gacetero"
"Balcarce","Buenos Aires",1,-0.155,-37.8463826227702,-58.2554911688579,"gacetero"
"Bernardo de Irigoyen","Misiones",1,-0.246,-26.255330197167,-53.6467345738917,"gacetero"
"Boulogne Sur Mer","Buenos Aires",1,0.133,-34.5094800482416,-58.5669108609788,"gacetero"
"Calilegua","Jujuy",1,0.065,-23.7745688572598,-64.7700370415998,"gacetero"
"Campana","Buenos Aires",1,0.139,-34.1636631,-58.9586837,"gacetero"
"Campo San Juan","Misiones",1,-0.091,-27.3965483,-55.649989,"gacetero"
"Campo de los Alisos","Tucumán",1,-0.127,-26.9460397070014,-65.3644946793824,"centroide"
"Capitán Solari","Chaco",1,0.059,-26.8023878089949,-59.5570832354769,"gacetero"
"Chilecito","La Rioja",1,-0.157,-29.162385830377,-67.4993074296546,"gacetero"
"Chos Malal","Neuquén",1,-0.185,-37.3748278814013,-70.2763310746376,"gacetero"
"Colonia Carlos Pellegrini","Corrientes",1,0.061,-28.5372356876725,-57.1713500894698,"gacetero"
"Concepción de la Sierra","Misiones",1,-0.263,-27.9805783904721,-55.5215882217731,"gacetero"
"Concepción del Uruguay","Entre Ríos",1,-0.121,-32.4846612655344,-58.2321207793941,"gacetero"
"El Bolsón","Río Negro",1,-0.177,-41.9650216282198,-71.5343635899288,"gacetero"
"El Chaltén","Santa Cruz",1,0.045,-49.3328246557123,-72.8859114198951,"gacetero"
"Eldorado","Misiones",1,-0.321,-26.4088769640649,-54.6070530398259,"gacetero"
"Embarcación","Salta",1,0.163,-23.2077625709462,-64.0949438566909,"gacetero"
"Fray Luis Beltrán","Santa Fe",1,0.127,-32.7815481103946,-60.7310114690631,"gacetero"
"General Lavalle","Buenos Aires",1,-0.045,-36.4080860934361,-56.9433578443012,"gacetero"
"General Rodríguez","Buenos Aires",1,0.336,-34.6082064832342,-58.9510798915332,"gacetero"
"Gualeguaychú","Entre Ríos",1,-0.122,-33.0077976973495,-58.5107700863228,"gacetero"
"Ingeniero Juárez","Formosa",1,-0.218,-23.8987602,-61.8545928,"gacetero"
"Ituzaingó","Corrientes",1,-0.118,-27.5851000792357,-56.68704523972,"gacetero"
"Jaramillo","Santa Cruz",1,0.086,-47.1840284109773,-67.1447240080037,"gacetero"
"José de San Martín","Chubut",1,-0.23,-44.0514653137899,-70.4707413513195,"gacetero"
"Juan José Castelli","Chaco",1,-0.114,-25.9465789293466,-60.6200670449467,"gacetero"
"La Leonesa","Chaco",1,-0.155,-27.0381487234311,-58.7072486236073,"gacetero"
"La Matanza","Buenos Aires",1,-0.048,-34.6776067204493,-58.5610082406866,"gacetero"
"La Plata","Buenos Aires",1,-0.032,-34.9154959630273,-57.9479884807815,"gacetero"
"La Quiaca","Jujuy",1,-0.152,-22.1044517820432,-65.5963734749511,"gacetero"
"Lago Puelo","Chubut",1,-0.009,-42.0601321615066,-71.5971400319398,"gacetero"
"Laguna Blanca","Catamarca",1,0.013,-26.5869996,-66.9413064,"gacetero"
"Laguna de los Pozuelos","Jujuy",1,-0.051,-22.3512684,-66.00129,"gacetero"
"Las Lajas","Neuquén",1,-0.138,-38.5234149456937,-70.361640644378,"gacetero"
"Las Lomitas","Formosa",1,-0.32,-24.7081356055775,-60.5913768828427,"gacetero"
"Lihué Calel","La Pampa",1,0.061,-38.0041979,-65.5948505,"gacetero"
"Lima","Buenos Aires",1,-0.04,-34.0447948866739,-59.1961491544738,"gacetero"
"Malargüe","Mendoza",1,-0.209,-35.4683739980962,-69.5847075525399,"gacetero"
"Mburucuyá","Corrientes",1,0.057,-28.0468575823017,-58.2303056698416,"gacetero"
"Monte Caseros","Corrientes",1,0.125,-30.2494229600191,-57.6294817667543,"gacetero"
"Monte León","Santa Cruz",1,-0.077,-50.2198834,-68.9400934,"gacetero"
"Oberá","Misiones",1,-0.117,-27.4867909555976,-55.1200569831231,"gacetero"
"Orán","Salta",1,-0.068,-23.33267,-64.3165433,"gacetero"
"Pampa del Infierno","Chaco",1,-0.148,-26.5035583962904,-61.1765724474723,"gacetero"
"Parque Nacional Quebrada del Condorito","Córdoba",1,-0.029,-31.6687529,-64.7702443,"gacetero"
"Paso de los Libres","Corrientes",1,-0.12,-29.7137148107283,-57.085405398509,"gacetero"
"Pergamino","Buenos Aires",1,-0.204,-33.8911091446081,-60.5745861929678,"gacetero"
"Pirané","Formosa",1,-0.304,-25.7326498192715,-59.1098080633516,"gacetero"
"Presidencia Roque Sáenz Peña","Chaco",1,-0.276,-26.7909717754736,-60.4412483249411,"gacetero"
"Profesor Salvador Mazza","Salta",1,-0.087,-22.0516570030053,-63.6918927739648,"gacetero"
"Puerto Deseado","Santa Cruz",1,0.218,-47.7517194088909,-65.9009487268108,"gacetero"
"Puerto Madryn","Chubut",1,-0.068,-42.7672814961937,-65.0366755877063,"gacetero"
"Punta Indio","Buenos Aires",1,0.052,-35.2685627801267,-57.2474704888542,"gacetero"
"Quilmes","Buenos Aires",1,0.038,-34.7200676236621,-58.254346982141,"gacetero"
"Rafaela","Santa Fe",1,-0.23,-31.2526675330419,-61.4916615599108,"gacetero"
"Reconquista","Santa Fe",1,-0.105,-29.1445173299237,-59.6435478986104,"gacetero"
"Río Cuarto","Córdoba",1,-0.044,-33.1238369342208,-64.3490032179798,"gacetero"
"Río Mayo","Chubut",1,-0.221,-45.6861769975897,-70.2566379579333,"gacetero"
"Río Santiago","Buenos Aires",1,0.056,-34.8513758,-57.8868726,"gacetero"
"Río Tercero","Córdoba",1,0.212,-32.1767393738221,-64.1129628407675,"gacetero"
"Río Turbio","Santa Cruz",1,-0.159,-51.5369364,-72.3360417,"gacetero"
"San Antonio","Misiones",1,0.047,-26.0573709006984,-53.7341195284472,"gacetero"
"San Antonio de los Cobres","Salta",1,-0.131,-24.2161442771278,-66.3210644859191,"gacetero"
"San Guillermo","San Juan",1,-0.014,-30.8599399308571,-68.8904378978941,"centroide"
"San Ignacio","Misiones",1,-0.168,-27.2586133303264,-55.5389747941103,"gacetero"
"San José de Jáchal","San Juan",1,-0.405,-30.2417460758843,-68.7464564792971,"gacetero"
"San Justo","Santa Fe",1,-0.385,-30.7891711509703,-60.5933005911998,"gacetero"
"San Nicolás","Buenos Aires",1,-0.07,-33.3384,-60.2215,"georef_localidades"
"San Pedro","Buenos Aires",1,-0.152,-33.6759480318045,-59.6630158141548,"gacetero"
"San Vicente","Buenos Aires",1,-0.125,-35.0259018058616,-58.4224036148088,"gacetero"
"Santa Rosa","La Pampa",1,0.056,-36.6204011947334,-64.2906300356297,"gacetero"
"Sierra Grande","Río Negro",1,-0.06,-41.6054599449508,-65.3570237719529,"gacetero"
"Sinsacate","Córdoba",1,-0.162,-30.9429292725557,-64.0940329405365,"gacetero"
"Tandil","Buenos Aires",1,0.032,-37.3286954825526,-59.1368975569569,"gacetero"
"Tartagal","Salta",1,-0.144,-22.5168183262948,-63.8056049178567,"gacetero"
"Tigre","Buenos Aires",1,0.214,-34.4248130997973,-58.5755281971763,"gacetero"
"Tinogasta","Catamarca",1,-0.106,-28.0655616313794,-67.564368979148,"gacetero"
"Torres","Buenos Aires",1,0.311,-34.4309916604575,-59.1278642374609,"gacetero"
"Tunuyán","Mendoza",1,-0.222,-33.5812531556326,-69.0153685595424,"gacetero"
"Uspallata","Mendoza",1,-0.115,-32.5911328492886,-69.3478325007629,"gacetero"
"Villa Dolores","Córdoba",1,-0.08,-31.9449767629495,-65.1902396962461,"gacetero"
"Villa El Chocón","Neuquén",1,-0.035,-39.2615472701827,-68.7789277377405,"gacetero"
"Villa Maipú","Buenos Aires",1,0.322,-34.568894989108,-58.5244410540779,"gacetero"
"Villa Martelli","Buenos Aires",1,0.17,-34.5513042797618,-58.5066267194854,"gacetero"
"Villa Unión","La Rioja",1,0,-29.3165749850402,-68.2273993332811,"gacetero"
