estructura,entidad
Administración descentralizada,Agencia de Acceso a la Información Pública (AAIP)
Administración descentralizada,Agencia de Administración de Bienes del Estado (AABE)
Administración descentralizada,Ente Nacional de Comunicaciones (ENACOM)
Administración descentralizada,Instituto Nacional de Asociativismo y Economía Social (INAES)
Administración descentralizada,"Instituto Nacional de la Agricultura Familiar, Campesina e Indígena (INAFCEI)"
Administración descentralizada,Administración de Parques Nacionales
Administración descentralizada,"Agencia Nacional de Promoción de la Investigación, el Desarrollo Tecnológico y la Innovación"
Administración descentralizada,Comisión Nacional de Actividades Espaciales (CONAE)
Administración descentralizada,Consejo Nacional de Investigaciones Científicas y Técnicas (CONICET)
Administración descentralizada,Biblioteca Nacional Dr. Mariano Moreno
Administración descentralizada,Fondo Nacional de las Artes (FNA)
Administración descentralizada,Instituto Nacional del Teatro (INT)
Administración descentralizada,Teatro Nacional Cervantes (TNC)
Administración descentralizada,Instituto de Ayuda Financiera para Pago de Retiros y Pensiones Militares (IAF)
Administración descentralizada,Instituto Geográfico Nacional (IGN)
Administración descentralizada,Servicio Meteorológico Nacional (SMN)
Administración descentralizada,Agencia de Recaudación y Control Aduanero (ARCA)
Administración descentralizada,Comisión Nacional de Energía Atómica (CNEA)
Administración descentralizada,Comisión Nacional de Valores (CNV)
Administración descentralizada,Ente Nacional Regulador de la Electricidad (ENRE)
Administración descentralizada,Ente Nacional Regulador del Gas (ENARGAS)
Administración descentralizada,Ente Nacional Regulador del Gas y de la Electricidad
Administración descentralizada,Instituto Nacional de Investigación y Desarrollo Pesquero (INIDEP)
Administración descentralizada,Instituto Nacional de la Propiedad Industrial (INPI)
Administración descentralizada,Instituto Nacional de Semillas (INASE)
Administración descentralizada,Instituto Nacional de Tecnología Agropecuaria (INTA)
Administración descentralizada,Instituto Nacional de Tecnología Industrial (INTI)
Administración descentralizada,Instituto Nacional de Vitivinicultura (INV)
Administración descentralizada,Servicio Geológico Minero Argentino (SEGEMAR)
Administración descentralizada,Servicio Nacional de Sanidad y Calidad Agroalimentaria (SENASA)
Administración descentralizada,Superintendencia de Seguros de la Nación (SSN)
Administración descentralizada,Tribunal Fiscal de la Nación (TFN)
Administración descentralizada,Unidad de Información Financiera (UIF)
Administración descentralizada,Comisión Nacional de Evaluación y Acreditación Universitaria (CONEAU)
Administración descentralizada,Fundación Miguel Lillo
Administración descentralizada,Centro Internacional para la Promoción de los DD. HH. (CIPDH)
Administración descentralizada,"Instituto Nacional contra la Discriminación, la Xenofobia y el Racismo (INADI)"
Administración descentralizada,Instituto Nacional de Asuntos Indígenas (INAI)
Administración descentralizada,Dirección Nacional de Vialidad (DNV)
Administración descentralizada,Ente Nacional de Obras Hídricas de Saneamiento (ENOHSA)
Administración descentralizada,Instituto Nacional del Agua (INA)
Administración descentralizada,Organismo Regulador de Seguridad de Presas (ORSEP)
Administración descentralizada,Tribunal de Tasaciones de la Nación (TTN)
Administración descentralizada,Administración Nacional de Establecimientos de Salud (ANES)
Administración descentralizada,Administración Nacional de Laboratorios e Institutos de Salud “Dr. Carlos Malbrán” (ANLIS)
Administración descentralizada,"Administración Nacional de Medicamentos, Alimentos y Tecnología Médica (ANMAT)"
Administración descentralizada,Agencia Nacional de Laboratorios Públicos (ANLAP)
Administración descentralizada,Hospital Nacional y Comunidad Dr. Ramón Carrillo (Ex Colonia Nacional “Dr. Manuel A Montes de Oca”)
Administración descentralizada,"Hospital Nacional ""Baldomero Sommer"""
Administración descentralizada,Hospital Nacional “Prof. Alejandro A. Posadas”
Administración descentralizada,Hospital Nacional en Red Especializado en Salud Mental y Adicciones “Lic. Laura Bonaparte”
Administración descentralizada,Instituto Nacional Central Único Coordinador de Ablación e Implante (INCUCAI)
Administración descentralizada,Instituto Nacional de Rehabilitación Psicofísica del Sur “Dr. Juan Otimio Tesone” (INAREPS)
Administración descentralizada,Instituto Nacional del Cáncer (INC)
Administración descentralizada,Superintendencia de Servicios de Salud (SSS)
Administración descentralizada,"Caja de Retiros, Jubilaciones y Pensiones de la P.F.A. (CRJPPF)"
Administración descentralizada,Administración Nacional de la Seguridad Social (ANSES)
Administración descentralizada,Superintendencia de Riesgos del Trabajo (SRT)
Administración descentralizada,Administración Nacional de Aviación Civil (ANAC)
Administración descentralizada,Agencia Nacional de Seguridad Vial (ANSV)
Administración descentralizada,Comisión Nacional de Regulación del Transporte (CNRT)
Administración descentralizada,Junta de Seguridad en el Transporte (JST)
Administración descentralizada,Organismo Regulador del Sistema Nacional de Aeropuertos (ORSNA)
Administración descentralizada,Dirección Nacional de Migraciones (DNM)
Administración descentralizada,Registro Nacional de las Personas (RENAPER)
Administración descentralizada,Agencia Nacional de Discapacidad (ANDIS)
Administración descentralizada,Autoridad Regulatoria Nuclear (ARN)
Administración descentralizada,Sindicatura General de la Nación (SIGEN)
Administración descentralizada,Banco Nacional de Datos Genéticos (BNDG)
Administración desconcentrada,Instituto Nacional de Juventudes (INJUVE)
Administración desconcentrada,Estado Mayor Conjunto de las Fuerzas Armadas
Administración desconcentrada,Estado Mayor General de la Armada Argentina
Administración desconcentrada,Estado Mayor General de la Fuerza Aérea
Administración desconcentrada,Estado Mayor General del Ejército Argentino
Administración desconcentrada,Comisión Nacional de Comercio Exterior (CNCE)
Administración desconcentrada,Consejo Nacional de Coordinación de Políticas Sociales (CNCPS)
Administración desconcentrada,Instituto Nacional de Estadística y Censos (INDEC)
Administración desconcentrada,Procuración del Tesoro de la Nación (PTN)
Administración desconcentrada,Gendarmería Nacional Argentina
Administración desconcentrada,Policía de Seguridad Aeroportuaria (PSA)
Administración desconcentrada,Prefectura Naval Argentina
Administración desconcentrada,Registro Nacional de Armas
Otros entes,Instituto Nacional de Cine y Artes Audiovisuales (INCAA)
Otros entes,Instituto Nacional de Servicios Sociales para Jubilados y Pensionados (INSSJP/PAMI)
Otros entes,Comisión Nacional Antidopaje (CNAD)
Otros entes,Instituto Nacional de Promoción Turística (INPROTUR)
Empresas y sociedades,ARSAT Empresa Argentina de Soluciones Satelitales S.A. (AR-SAT)
Empresas y sociedades,Centro de Ensayos de Alta Tecnología (CEATSA)
Empresas y sociedades,Contenidos Públicos S.E.
Empresas y sociedades,Correo Oficial de la República Argentina S.A.
Empresas y sociedades,Radio y Televisión Argentina S.E. (RTA S.E.)
Empresas y sociedades,Agencia de Publicidad del Estado S.A.U (APE SAU)
Empresas y sociedades,VENG S.A.
Empresas y sociedades,Construcción de Vivienda para la Armada S.A.U. (COVIARA SAU)
Empresas y sociedades,Fábrica Argentina de Aviones “Brig. San Martín” S.A. (FADEA)
Empresas y sociedades,Fabricaciones Militares S.E.
Empresas y sociedades,Talleres Navales Dársena Norte  S.A.C.I. y N. (TANDANOR)
Empresas y sociedades,Banco de la Nación Argentina
Empresas y sociedades,Banco de Inversión y Comercio Exterior S.A. (BICE)
Empresas y sociedades,BICE Fideicomisos S.A.
Empresas y sociedades,Casa de Moneda S.A.U
Empresas y sociedades,Dioxitek S.A.
Empresas y sociedades,Enarsa Patagonia S.A.
Empresas y sociedades,Energía Argentina S.A.
Empresas y sociedades,Innovaciones Tecnológicas Agropecuarias S.A. (INTEA)
Empresas y sociedades,Nación Bursátil S.A.
Empresas y sociedades,Nación Reaseguros S.A.
Empresas y sociedades,Nación Seguros de Retiro S.A.
Empresas y sociedades,Nación Seguros S.A.
Empresas y sociedades,Nación Servicios S.A.
Empresas y sociedades,Nucleoeléctrica Argentina S.A. (NASA)
Empresas y sociedades,Pellegrini S.A. G.F.C.I.
Empresas y sociedades,Polo Tecnológico Constituyentes S.A.
Empresas y sociedades,Termoeléctrica José de San Martín S.A.
Empresas y sociedades,Termoeléctrica Manuel Belgrano S.A.
Empresas y sociedades,Vientos de la Patagonia I
Empresas y sociedades,Educar S.A.U.
Empresas y sociedades,Radio Universidad Nacional del Litoral S.A. (LT10)
Empresas y sociedades,SRT Radio Universidad Nacional de Córdoba
Empresas y sociedades,Administración de Infraestructuras Ferroviarias S.E. (ADIFSE)
Empresas y sociedades,Administración General de Puertos S.A.U. (en liquidación)
Empresas y sociedades,Aerolíneas Argentinas S.A.
Empresas y sociedades,Belgrano Cargas y Logística S.A.
Empresas y sociedades,Desarrollo de Capital Humano Ferroviario S.A.C.P.E.M.
Empresas y sociedades,Empresa Argentina de Navegación Aérea S.E. (EANA)
Empresas y sociedades,Ferrocarriles Argentinos S.E. (FASE)
Empresas y sociedades,Intercargo S.A.U.
Empresas y sociedades,Operadora Ferroviaria S.E.
Empresas y sociedades,Playas Ferroviarias de Buenos Aires S.A.
Empresas y sociedades,Agua y Saneamientos Argentinos S.A. (AYSA)
Empresas y sociedades,Corredores Viales S.A.
