estructura,entidad,2022-07-01 00:00:00,2022-08-01 00:00:00,2022-09-01 00:00:00,2022-10-01 00:00:00,2022-11-01 00:00:00,2022-12-01 00:00:00,2023-01-01 00:00:00,2023-02-01 00:00:00,2023-03-01 00:00:00,2023-04-01 00:00:00,2023-05-01 00:00:00,2023-06-01 00:00:00,2023-07-01 00:00:00,2023-08-01 00:00:00,2023-09-01 00:00:00,2023-10-01 00:00:00,2023-11-01 00:00:00,2023-12-01 00:00:00,2024-01-01 00:00:00,2024-02-01 00:00:00,2024-03-01 00:00:00,2024-04-01 00:00:00,2024-05-01 00:00:00,2024-06-01 00:00:00,2024-07-01 00:00:00,2024-08-01 00:00:00,2024-09-01 00:00:00,2024-10-01 00:00:00,2024-11-01 00:00:00,2024-12-01 00:00:00,2025-01-01 00:00:00,2025-02-01 00:00:00,2025-03-01 00:00:00,2025-04-01 00:00:00,2025-05-01 00:00:00,2025-06-01 00:00:00,2025-07-01 00:00:00,2025-08-01 00:00:00,2025-09-01 00:00:00,2025-10-01 00:00:00,2025-11-01 00:00:00,2025-12-01 00:00:00,2026-01-01 00:00:00,2026-02-01 00:00:00,2026-03-01 00:00:00,2026-04-01 00:00:00,2026-05-01 00:00:00,2026-06-01 00:00:00,2026-07-01 00:00:00
Administración descentralizada,Agencia de Acceso a la Información Pública (AAIP),62,62,63,65,67,67,67,69,74,79,79,81,84,88,85,85,84,91,92,89,85,85,83,80,76,74,72,73,71,70,68,68,68,63,63,63,62,63,63,63,62,62,62,62,61,61,59,59,60
Administración descentralizada,Agencia de Administración de Bienes del Estado (AABE),507,496,481,478,481,478,468,471,472,483,464,475,476,476,471,469,462,438,424,424,419,394,392,390,384,380,381,381,381,389,393,404,413,406,404,403,400,398,396,394,390,390,383,373,365,362,363,358,359
Administración descentralizada,Ente Nacional de Comunicaciones (ENACOM),2078,2077,2079,2074,2073,2066,2060,2063,2062,2059,2059,2055,2056,2057,2057,2055,2048,1970,1935,1928,1897,1567,1524,1484,1445,1427,1416,1404,1381,1349,1329,1306,1294,1284,1270,1258,1246,1238,1230,1220,1214,1213,1200,1191,1175,1167,1170,1176,1173
Administración descentralizada,Instituto Nacional de Asociativismo y Economía Social (INAES),744,755,756,756,753,752,741,746,749,750,752,755,756,754,753,751,749,739,618,574,566,528,529,530,515,512,507,503,501,498,491,489,467,449,441,438,436,430,428,423,417,415,411,409,411,408,407,405,400
Administración descentralizada,"Instituto Nacional de la Agricultura Familiar, Campesina e Indígena (INAFCEI)",///,///,///,///,///,///,1054,1055,1050,1044,1044,1042,1036,1040,1039,1040,1048,1028,1028,1028,1028,1028,///,///,///,///,///,///,///,///,///,///,///,///,///,///,///,///,///,///,///,///,///,///,///,///,///,///,///
Administración descentralizada,Administración de Parques Nacionales,2134,2144,2144,2148,2139,2151,2160,2191,2217,2242,2266,2277,2288,2295,2293,2287,2290,2335,2232,2226,2229,2166,2154,2152,2090,2085,2085,2071,2060,2079,2088,2107,2093,2079,2060,2045,2042,2018,2021,2014,2043,2013,2008,2020,2003,1985,1982,1979,1973
Administración descentralizada,"Agencia Nacional de Promoción de la Investigación, el Desarrollo Tecnológico y la Innovación",262,263,260,257,259,259,255,260,264,263,262,260,262,263,263,264,263,259,227,221,211,175,174,176,174,176,176,170,172,173,171,166,163,165,165,162,154,155,153,150,148,152,151,149,146,146,148,147,151
Administración descentralizada,Comisión Nacional de Actividades Espaciales (CONAE),294,295,305,308,309,309,308,304,294,291,288,288,288,292,295,297,296,296,294,292,279,279,278,275,274,273,273,273,273,272,270,270,269,268,268,263,260,259,256,255,253,255,254,253,252,253,253,252,247
Administración descentralizada,Consejo Nacional de Investigaciones Científicas y Técnicas (CONICET),28177,27970,27986,27902,27867,27792,27522,27501,27495,28264,28327,28359,28130,27961,27935,27793,27766,27760,27509,27479,27376,26926,26755,26633,26421,26682,26705,26629,26629,26446,26344,26293,26247,26809,26781,26675,26571,26050,25848,25802,25686,25672,25499,25470,25395,25813,25805,25709,25645
Administración descentralizada,Biblioteca Nacional Dr. Mariano Moreno,899,909,914,916,914,914,911,912,918,916,915,912,910,918,918,913,915,914,897,896,895,776,775,775,776,776,777,778,778,777,770,767,762,756,754,750,745,744,741,744,744,743,733,729,724,718,754,744,733
Administración descentralizada,Fondo Nacional de las Artes (FNA),128,125,126,126,126,126,122,122,122,121,121,121,122,122,122,120,120,124,95,93,79,81,81,86,93,93,96,100,103,101,95,97,97,92,90,81,78,78,79,80,75,73,74,74,74,74,75,75,73
Administración descentralizada,Instituto Nacional del Teatro (INT),195,198,199,198,196,195,194,192,193,194,194,194,194,194,194,191,192,192,189,188,188,178,181,178,175,173,172,167,174,174,170,170,163,161,159,158,///,144,144,144,145,149,148,148,147,146,150,152,153
Administración descentralizada,Teatro Nacional Cervantes (TNC),384,384,381,381,378,376,375,374,372,370,369,371,370,370,368,369,370,384,383,386,386,386,384,382,382,381,380,377,378,378,373,371,369,365,365,363,363,359,356,356,356,354,356,358,360,357,357,357,354
Administración descentralizada,Instituto de Ayuda Financiera para Pago de Retiros y Pensiones Militares (IAF),567,577,577,576,576,573,572,571,568,567,567,567,564,564,562,566,566,570,569,568,566,564,550,549,548,545,542,542,536,533,531,524,520,516,514,514,514,517,516,516,518,516,508,506,512,511,510,509,510
Administración descentralizada,Instituto Geográfico Nacional (IGN),276,280,282,288,284,287,281,280,282,282,282,281,285,286,283,290,289,292,295,290,289,271,270,267,266,266,266,284,269,269,262,265,267,263,264,258,255,254,250,248,247,252,249,250,245,243,248,248,246
Administración descentralizada,Servicio Meteorológico Nacional (SMN),1089,1092,1113,1116,1120,1125,1119,1128,1127,1120,1118,1122,1129,1144,1164,1163,1164,1162,1148,1140,1136,1083,1081,1078,1076,1071,1067,1061,1053,1053,1041,1037,1032,1028,1022,1016,1020,1001,998,994,992,992,992,987,984,979,849,843,833
Administración descentralizada,Agencia de Recaudación y Control Aduanero (ARCA),20741,20751,20717,20662,20597,20858,20950,21169,21360,21300,22120,22314,22323,22298,22265,22220,22199,22091,22028,21915,21819,21725,21676,21614,21495,21410,21294,20964,20642,20505,20505,20166,20104,19256,19203,19147,19096,19051,19013,18979,18939,18897,18870,18824,18820,18801,18770,18772,18736
Administración descentralizada,Comisión Nacional de Energía Atómica (CNEA),3531,3599,3587,3588,3607,3692,3705,3741,3763,3770,3770,3809,3834,3934,3941,3941,3941,4123,4074,4053,4024,3994,3969,3958,3936,3971,3967,3948,3930,3924,3883,3907,3917,3910,3888,3871,3823,3892,3863,3825,3793,3760,3677,3649,3617,3580,3552,3531,3456
Administración descentralizada,Comisión Nacional de Valores (CNV),342,350,352,352,350,348,346,347,345,347,351,351,352,347,350,348,353,347,338,336,334,321,318,317,314,314,313,309,311,310,305,306,309,312,314,316,320,322,323,323,324,329,328,329,329,331,329,324,324
Administración descentralizada,Ente Nacional Regulador de la Electricidad (ENRE),414,413,411,412,410,409,412,410,412,412,412,410,417,417,416,414,413,396,393,388,384,371,369,366,364,362,361,347,346,345,342,342,341,339,337,313,308,///,///,///,///,///,///,///,///,///,///,///,///
Administración descentralizada,Ente Nacional Regulador del Gas (ENARGAS),646,647,646,654,655,667,676,683,693,700,705,717,723,731,735,746,761,763,707,702,687,635,630,615,616,612,616,609,595,582,546,537,535,527,524,522,522,///,///,///,///,///,///,///,///,///,///,///,///
Administración descentralizada,Ente Nacional Regulador del Gas y de la Electricidad,///,///,///,///,///,///,///,///,///,///,///,///,///,///,///,///,///,///,///,///,///,///,///,///,///,///,///,///,///,///,///,///,///,///,///,///,///,826,826,824,820,820,815,813,811,815,814,813,813
Administración descentralizada,Instituto Nacional de Investigación y Desarrollo Pesquero (INIDEP),418,417,415,414,415,419,415,414,415,411,414,416,419,417,418,415,417,409,401,398,396,375,395,392,390,391,390,388,387,384,383,388,389,388,388,388,387,386,384,384,379,385,381,382,379,377,377,374,376
Administración descentralizada,Instituto Nacional de la Propiedad Industrial (INPI),470,469,467,464,463,463,458,461,465,467,472,482,485,483,482,483,483,476,453,451,433,427,424,433,404,402,404,394,404,388,387,380,375,371,366,366,366,367,368,367,365,364,360,359,361,360,357,358,356
Administración descentralizada,Instituto Nacional de Semillas (INASE),270,268,268,267,266,265,263,261,265,265,264,261,258,257,257,261,261,246,244,244,231,232,231,231,231,231,232,242,246,247,244,243,240,239,239,233,227,225,221,217,216,215,206,209,207,200,195,192,194
Administración descentralizada,Instituto Nacional de Tecnología Agropecuaria (INTA),6595,6611,6580,6556,6554,6570,6595,6629,6670,6670,6655,6658,6689,6703,6732,6755,6790,6825,6924,6935,6933,6917,6899,6879,6871,6855,6831,6810,6785,6465,6465,6412,6389,6369,6340,6295,6253,6205,6171,6129,6107,6073,6043,6014,5989,5966,5941,5941,5941
Administración descentralizada,Instituto Nacional de Tecnología Industrial (INTI),3093,3088,3041,3155,3160,3131,3122,2998,3009,3052,2924,2961,2978,2994,3040,3099,3113,3120,3093,3083,3063,3031,3012,2995,2849,2553,2447,2425,2421,2415,2397,2391,2386,2377,2387,2380,2372,2368,2339,2339,2327,2318,2305,2296,2286,2280,2270,2259,2244
Administración descentralizada,Instituto Nacional de Vitivinicultura (INV),516,526,522,521,519,519,515,514,515,514,512,514,522,530,531,516,516,514,506,499,477,480,478,476,469,475,472,470,467,461,459,457,453,450,446,444,437,429,427,421,415,406,405,401,400,400,396,394,392
Administración descentralizada,Servicio Geológico Minero Argentino (SEGEMAR),347,345,345,344,344,344,344,341,341,343,343,349,348,350,349,352,352,354,348,343,342,335,335,336,334,332,330,327,327,331,327,329,330,327,326,322,320,320,357,356,354,355,356,354,352,352,348,347,343
Administración descentralizada,Servicio Nacional de Sanidad y Calidad Agroalimentaria (SENASA),5570,5570,5560,5541,5534,5534,5512,5506,5826,5821,5896,5899,5911,5954,5892,5919,5923,5920,5845,5822,5766,5718,5705,5671,5662,5654,5642,5617,5601,5586,5558,5530,5509,5466,5441,5420,5384,5350,5330,5312,5297,5291,5322,5319,5292,5274,5263,5265,5240
Administración descentralizada,Superintendencia de Seguros de la Nación (SSN),523,523,526,524,523,522,522,536,536,537,535,534,534,533,537,537,539,537,510,520,513,511,509,506,504,503,499,495,493,489,486,484,468,464,465,465,465,462,462,458,455,454,455,454,452,451,450,451,443
Administración descentralizada,Tribunal Fiscal de la Nación (TFN),234,240,238,240,240,240,239,242,246,259,264,266,266,266,266,264,263,262,259,256,256,257,259,256,256,256,255,253,252,252,253,254,255,256,255,257,258,258,257,257,258,258,259,257,257,259,260,262,260
Administración descentralizada,Unidad de Información Financiera (UIF),241,242,240,242,244,241,248,251,255,266,268,268,268,275,272,280,272,265,258,258,255,251,255,253,252,253,253,250,259,255,250,241,243,232,233,231,227,224,225,230,231,233,225,218,220,221,221,218,218
Administración descentralizada,Comisión Nacional de Evaluación y Acreditación Universitaria (CONEAU),164,162,162,161,161,164,164,164,163,164,165,165,163,163,165,170,165,170,167,167,167,155,154,154,154,153,152,150,148,148,148,148,148,148,147,146,146,148,148,148,148,147,142,142,142,142,142,142,141
Administración descentralizada,Fundación Miguel Lillo,277,277,275,286,286,283,284,286,284,283,284,283,282,282,281,283,283,281,280,282,281,282,282,281,280,280,281,277,277,278,277,276,277,278,279,278,275,273,273,272,270,266,265,266,265,264,264,264,263
Administración descentralizada,Centro Internacional para la Promoción de los DD. HH. (CIPDH),40,40,33,33,32,33,32,32,32,32,32,29,30,30,34,33,35,33,32,32,31,31,31,31,31,30,30,29,29,29,28,27,26,24,23,23,23,27,30,31,32,100,97,95,94,93,93,92,92
Administración descentralizada,"Instituto Nacional contra la Discriminación, la Xenofobia y el Racismo (INADI)",402,405,403,400,404,407,406,402,413,402,414,415,415,411,410,414,423,408,367,358,351,312,198,233,///,///,///,///,///,///,///,///,///,///,///,///,///,///,///,///,///,///,///,///,///,///,///,///,///
Administración descentralizada,Instituto Nacional de Asuntos Indígenas (INAI),178,204,215,214,211,212,207,209,210,209,208,207,208,208,208,205,210,211,202,199,197,195,194,183,185,185,184,181,181,181,180,179,174,174,172,170,166,///,///,///,///,///,///,///,///,///,///,///,///
Administración descentralizada,Dirección Nacional de Vialidad (DNV),5691,5687,5677,5677,5675,5667,5655,5650,5649,5647,5655,5654,5661,5667,5678,5683,5704,5703,5694,5653,5362,5370,5288,5377,5353,5357,5343,5326,5314,5304,5273,5255,5233,5214,5194,5174,5137,5100,5056,5031,4988,4966,4940,4911,4894,4268,4250,4222,4205
Administración descentralizada,Ente Nacional de Obras Hídricas de Saneamiento (ENOHSA),353,352,358,357,356,356,358,360,363,360,359,356,357,357,362,362,362,356,310,308,305,290,269,254,253,242,237,237,237,///,///,///,///,///,///,///,///,///,///,///,///,///,///,///,///,///,///,///,///
Administración descentralizada,Instituto Nacional del Agua (INA),321,315,314,315,319,319,320,326,325,333,332,329,325,322,323,326,332,328,310,316,313,299,300,300,292,291,287,285,281,279,270,271,270,265,258,258,254,///,///,///,///,///,///,///,///,///,///,///,///
Administración descentralizada,Organismo Regulador de Seguridad de Presas (ORSEP),93,92,92,92,93,93,91,91,90,87,86,86,86,86,85,84,84,83,83,83,83,83,83,83,81,81,81,80,80,81,81,80,80,79,79,77,77,77,75,75,76,76,74,74,73,73,73,74,73
Administración descentralizada,Tribunal de Tasaciones de la Nación (TTN),87,88,89,89,91,95,94,91,92,92,93,92,94,100,102,101,100,100,100,99,98,98,98,97,95,94,95,95,94,94,94,94,101,95,93,94,94,93,92,91,91,89,87,87,87,87,86,87,87
Administración descentralizada,Administración Nacional de Establecimientos de Salud (ANES),///,///,///,///,///,///,///,///,///,///,///,///,///,///,///,///,///,///,///,///,///,///,///,///,///,///,///,///,///,///,///,///,///,///,///,///,///,///,///,6924,6928,6972,6909,6812,6792,6685,6709,6678,6628
Administración descentralizada,Administración Nacional de Laboratorios e Institutos de Salud “Dr. Carlos Malbrán” (ANLIS),1152,1161,1169,1170,1163,1172,1176,1182,1191,1194,1197,1201,1210,1207,1213,1213,1218,1231,1221,1214,1210,1203,1201,1191,1185,1179,1161,1166,1163,1163,1134,1099,1096,1091,1087,1082,1081,1079,1074,1078,1074,1073,1063,1063,1061,1036,1038,1041,1040
Administración descentralizada,"Administración Nacional de Medicamentos, Alimentos y Tecnología Médica (ANMAT)",1198,1198,1195,1207,1207,1224,1234,1238,1240,1244,1274,1276,1287,1298,1296,1308,1335,1332,1324,1324,1324,1298,1297,1295,1281,1273,1275,1265,1259,1255,1240,1235,1249,1232,1218,1210,1197,1194,1198,1200,1200,1196,1196,1141,1141,1122,1125,1116,1112
Administración descentralizada,Agencia Nacional de Laboratorios Públicos (ANLAP),32,32,32,31,30,27,30,30,30,31,31,30,30,30,30,29,28,///,///,///,///,///,///,///,///,///,///,///,///,///,///,///,///,///,///,///,///,///,///,///,///,///,///,///,///,///,///,///,///
Administración descentralizada,Hospital Nacional y Comunidad Dr. Ramón Carrillo (Ex Colonia Nacional “Dr. Manuel A Montes de Oca”),872,874,873,871,874,874,874,876,891,898,903,905,910,910,920,926,956,952,941,936,936,928,928,926,922,923,917,912,913,900,894,890,886,869,864,862,868,///,///,///,///,///,///,///,///,///,///,///,///
Administración descentralizada,"Hospital Nacional ""Baldomero Sommer""",1180,1182,1170,1161,1164,1172,1173,1181,1184,1185,1188,1193,1199,1205,1209,1212,1217,1230,1227,1223,1222,1217,1222,1222,1196,1202,1206,1214,1217,1217,1104,1137,1130,1070,1057,1053,1044,///,///,///,///,///,///,///,///,///,///,///,///
Administración descentralizada,Hospital Nacional “Prof. Alejandro A. Posadas”,4509,4502,4503,4513,4503,4474,4472,4490,4615,4621,4633,4636,4643,4670,4675,4682,4682,4654,4634,4626,4615,4597,4587,4590,4516,4530,4509,4473,4488,4514,4492,4478,4450,4431,4394,4323,4300,///,///,///,///,///,///,///,///,///,///,///,///
Administración descentralizada,Hospital Nacional en Red Especializado en Salud Mental y Adicciones “Lic. Laura Bonaparte”,574,578,576,588,605,607,603,605,609,612,617,630,640,645,652,662,670,677,668,668,663,661,658,658,656,622,612,608,599,599,585,445,417,410,409,407,403,///,///,///,///,///,///,///,///,///,///,///,///
Administración descentralizada,Instituto Nacional Central Único Coordinador de Ablación e Implante (INCUCAI),385,379,377,380,382,380,382,383,391,395,400,404,407,404,396,395,395,390,380,379,378,341,340,338,334,334,334,331,332,335,324,333,331,324,322,321,319,319,319,319,319,318,320,315,315,308,306,305,306
Administración descentralizada,Instituto Nacional de Rehabilitación Psicofísica del Sur “Dr. Juan Otimio Tesone” (INAREPS),416,417,427,421,419,419,418,420,420,422,419,421,419,420,429,431,430,429,425,426,425,422,420,420,416,416,414,412,412,409,401,403,405,404,402,400,400,///,///,///,///,///,///,///,///,///,///,///,///
Administración descentralizada,Instituto Nacional del Cáncer (INC),207,207,205,206,205,206,206,207,206,207,211,211,210,210,209,209,209,207,204,203,201,197,194,192,183,183,182,183,183,184,184,129,129,132,132,130,129,///,///,///,///,///,///,///,///,///,///,///,///
Administración descentralizada,Superintendencia de Servicios de Salud (SSS),1131,1131,1127,1124,1124,1127,1126,1126,1129,1130,1130,1134,1145,1146,1142,1140,1143,1137,1124,1124,1121,1113,1107,1100,1074,1066,1063,1063,1058,1056,1035,1035,1035,1030,1026,1025,1022,1022,1023,1018,1016,1017,1013,999,995,994,988,973,971
Administración descentralizada,"Caja de Retiros, Jubilaciones y Pensiones de la P.F.A. (CRJPPF)",351,350,345,345,342,347,343,347,351,353,354,349,344,341,338,335,335,329,318,325,330,326,324,323,324,324,323,321,322,322,319,317,315,313,316,315,313,315,314,313,312,309,309,310,307,304,303,305,303
Administración descentralizada,Administración Nacional de la Seguridad Social (ANSES),13692,13685,13690,13684,13689,13708,13748,13742,13776,13794,13859,13867,13898,13921,13921,13958,13979,13943,13406,13381,13319,12492,12494,12512,12521,12609,12725,12767,12773,12762,12707,12670,12635,12598,12556,12522,12484,12447,12420,12395,12370,12320,12262,12225,12199,12135,11228,10997,10975
Administración descentralizada,Superintendencia de Riesgos del Trabajo (SRT),2622,2624,2611,2595,2585,2576,2577,2578,2596,2613,2612,2598,2599,2603,2605,2567,2569,2543,2531,2480,2474,2465,2476,2463,2450,2457,2458,2451,2444,2440,2361,2351,2346,2331,2328,2319,2301,2295,2287,2278,2272,2262,2253,2250,2246,2230,2230,2220,2212
Administración descentralizada,Administración Nacional de Aviación Civil (ANAC),1813,1803,1797,1791,1787,1776,1771,1779,1773,1770,1758,1757,1773,1772,1773,1767,1769,1762,1747,1740,1734,1726,1725,1719,1724,1723,1723,1729,1715,1725,1721,1721,1711,1699,1686,1657,1644,1632,1621,1611,1593,1459,1469,1466,1460,1458,1457,1452,1452
Administración descentralizada,Agencia Nacional de Seguridad Vial (ANSV),1044,1050,1044,1044,1046,1063,1049,1048,1045,1049,1056,1058,1056,1060,1060,1057,1049,1035,1029,1000,850,842,842,837,836,747,742,737,735,738,717,717,708,706,704,696,689,660,671,666,660,656,637,635,632,627,623,623,616
Administración descentralizada,Comisión Nacional de Regulación del Transporte (CNRT),1127,1127,1126,1125,1126,1215,1224,1213,1140,1166,1164,1162,1170,1178,1180,1183,1185,1173,1155,1155,1152,1131,1114,1104,1090,1087,1082,1081,1088,1246,1253,1247,1141,1139,1144,1142,1140,1133,1122,1108,1101,1074,1066,1066,1059,1053,1044,971,968
Administración descentralizada,Junta de Seguridad en el Transporte (JST),512,526,536,542,533,533,523,522,520,519,515,522,520,527,526,518,509,503,472,471,470,395,395,395,389,402,405,390,384,382,344,326,315,283,283,280,281,277,275,272,271,267,263,262,259,237,240,240,239
Administración descentralizada,Organismo Regulador del Sistema Nacional de Aeropuertos (ORSNA),276,276,274,276,276,276,276,276,276,276,273,274,273,273,273,271,269,264,260,260,256,254,255,254,254,255,255,255,254,207,207,201,192,192,190,191,183,174,170,170,166,161,153,153,152,151,153,151,149
Administración descentralizada,Dirección Nacional de Migraciones (DNM),3918,3926,3969,3960,4125,4122,4117,4125,4097,4109,4153,4202,4194,4188,4209,4195,4187,4154,4110,4092,4090,4082,4063,4049,4031,4024,4011,3997,3981,3990,3980,3968,4078,4038,4022,4008,3983,3963,3950,3937,3927,3915,3894,3892,3877,3874,3865,3856,3849
Administración descentralizada,Registro Nacional de las Personas (RENAPER),3066,3070,3041,3048,3045,3036,3028,3015,2991,2992,2971,2986,3009,3001,2999,2993,2983,2972,2877,2854,2713,2707,2697,2688,2673,2658,2646,2629,2619,2603,2580,2569,2555,2502,2504,2497,2492,2477,2466,2464,2449,2447,2426,2418,2397,2387,2387,2377,2366
Administración descentralizada,Agencia Nacional de Discapacidad (ANDIS),1373,1370,1374,1371,1377,1376,1369,1375,1368,1379,1377,1376,1384,1387,1395,1390,1398,1397,1380,1201,1175,1031,1030,1016,1003,998,992,981,973,968,954,951,945,927,930,921,921,913,893,893,900,887,///,///,///,///,///,///,///
Administración descentralizada,Autoridad Regulatoria Nuclear (ARN),365,367,365,364,360,357,356,355,354,354,354,357,357,357,354,357,356,368,365,363,362,360,360,358,358,358,358,358,356,355,355,353,351,348,347,346,345,342,340,337,337,336,336,335,335,333,331,330,327
Administración descentralizada,Sindicatura General de la Nación (SIGEN),530,527,525,523,521,521,521,525,527,526,530,529,529,533,535,538,538,534,536,538,536,530,531,531,527,523,521,520,517,512,510,503,501,495,491,485,485,483,478,472,468,469,467,466,466,464,462,462,464
Administración descentralizada,Banco Nacional de Datos Genéticos (BNDG),40,39,37,41,42,42,42,41,41,41,41,44,47,47,47,47,47,47,45,45,46,46,44,43,41,41,41,41,40,39,39,38,37,37,37,36,35,33,33,33,33,31,33,33,33,33,33,32,33
Administración desconcentrada,Instituto Nacional de Juventudes (INJUVE),///,///,///,///,///,///,///,///,///,///,///,///,///,///,///,///,///,///,///,///,130,129,129,123,///,///,///,///,///,///,///,///,///,///,///,///,///,///,///,///,///,///,///,///,///,///,///,///,///
Administración desconcentrada,Estado Mayor Conjunto de las Fuerzas Armadas,380,383,383,381,367,396,222,332,266,338,359,362,389,355,386,367,348,503,221,299,326,340,280,349,349,318,309,309,297,360,230,293,327,325,328,323,325,322,338,351,340,233,188,305,294,343,356,356,300
Administración desconcentrada,Estado Mayor General de la Armada Argentina,7726,7724,7701,7670,7600,7594,7479,7815,7797,7863,7838,7878,7843,7856,7843,7894,7870,7833,7741,7792,7727,7602,7588,7529,7494,7483,7388,7383,7396,7350,7171,7210,7122,7120,7083,7046,6997,6943,6901,6864,6861,6855,6855,6589,6529,6496,6483,6461,6449
Administración desconcentrada,Estado Mayor General de la Fuerza Aérea,6091,6090,6043,6012,5972,5774,5666,5883,5896,5860,5858,5903,5873,5867,5901,5912,5934,5537,5494,5778,5777,5835,5852,5851,5802,5802,5785,5778,5748,5479,5359,5443,5521,5521,5516,5605,5464,5417,5369,5327,5295,5074,5001,5129,5175,5154,5097,5136,5112
Administración desconcentrada,Estado Mayor General del Ejército Argentino,6986,6952,6952,6857,6849,6929,6889,6182,6154,6510,6576,6583,6617,6703,6768,6687,6678,6684,5882,5967,6328,6474,6485,6425,6462,6545,6443,6480,6372,6374,6343,5949,6394,6350,6317,6137,6143,6075,6034,6036,6386,5942,5942,5297,5740,5714,5862,5931,5935
Administración desconcentrada,Comisión Nacional de Comercio Exterior (CNCE),57,56,57,57,54,54,55,57,56,55,54,54,56,54,54,53,53,50,50,49,49,48,48,47,47,47,47,47,44,43,///,///,///,///,///,///,///,///,///,///,///,///,///,///,///,///,///,///,///
Administración desconcentrada,Consejo Nacional de Coordinación de Políticas Sociales (CNCPS),396,395,402,396,387,380,354,356,364,377,380,383,382,383,381,386,385,357,166,165,158,150,147,154,148,148,151,152,151,152,154,154,149,140,141,141,139,137,138,139,139,137,138,143,147,146,146,145,143
Administración desconcentrada,Instituto Nacional de Estadística y Censos (INDEC),1506,1494,1473,1465,1468,1468,1454,1451,1445,1443,1429,1442,1436,1435,1432,1435,1424,1415,1388,1380,1374,1345,1336,1322,1311,1294,1291,1286,1284,1276,1259,1254,1250,1231,1215,1205,1183,1170,1178,1178,1174,1168,1159,1141,1142,1135,1143,1137,1135
Administración desconcentrada,Procuración del Tesoro de la Nación (PTN),181,181,183,185,180,179,182,183,181,180,179,179,179,181,179,179,179,175,175,174,175,170,168,169,169,169,168,169,168,167,178,176,174,233,242,234,235,234,230,230,224,225,223,226,226,228,232,230,225
Administración desconcentrada,Gendarmería Nacional Argentina,752,750,751,720,725,731,720,720,717,755,728,730,736,741,750,752,752,750,733,733,733,675,673,679,681,684,686,692,692,689,669,689,664,674,671,667,670,672,668,667,664,658,667,681,643,645,640,636,705
Administración desconcentrada,Policía de Seguridad Aeroportuaria (PSA),797,790,787,791,795,799,801,814,828,829,827,829,829,824,812,814,811,780,761,755,752,751,745,743,743,740,738,734,729,724,715,712,712,709,706,705,701,699,697,694,693,688,682,680,679,675,670,688,665
Administración desconcentrada,Prefectura Naval Argentina,492,488,498,501,498,486,504,502,502,502,500,499,499,499,498,498,498,498,498,475,475,499,506,506,507,504,507,507,507,505,476,491,499,505,507,506,506,515,511,512,507,502,463,463,472,482,482,467,462
Administración desconcentrada,Registro Nacional de Armas,396,397,397,395,393,392,391,392,393,390,389,392,388,388,391,394,391,391,386,381,379,354,369,356,357,357,353,359,358,357,299,298,298,257,255,256,256,265,263,252,251,251,///,///,///,///,///,///,///
Otros entes,Instituto Nacional de Cine y Artes Audiovisuales (INCAA),1067,1029,1100,1103,1131,1096,973,921,1042,1014,1007,1025,1041,1083,1087,1145,1137,1072,1017,914,952,815,810,818,754,694,707,699,635,602,596,500,523,552,551,542,534,538,540,529,522,486,475,563,552,476,491,486,531
Otros entes,Instituto Nacional de Servicios Sociales para Jubilados y Pensionados (INSSJP/PAMI),14364,14481,14431,14403,14388,14367,14437,14431,14397,14396,14389,14369,14311,14319,14330,14275,14325,14253,14211,14171,14127,14197,14245,14226,13982,14033,14103,14087,14115,14032,13841,13743,13758,13750,13739,13711,13638,13613,13565,13558,13520,13495,13447,13386,13323,13289,13273,13205,13025
Otros entes,Comisión Nacional Antidopaje (CNAD),23,23,23,23,23,24,24,24,24,25,23,23,23,22,22,24,24,23,23,22,23,23,23,22,22,22,22,21,21,20,20,19,19,22,24,24,24,24,23,23,23,23,21,22,23,24,24,24,24
Otros entes,Instituto Nacional de Promoción Turística (INPROTUR),55,57,57,58,58,58,56,55,54,54,56,58,60,60,60,59,59,55,46,45,46,42,41,41,39,38,38,37,37,37,36,39,39,39,39,38,38,38,38,38,38,37,37,37,36,34,35,35,35
Empresas y sociedades,ARSAT Empresa Argentina de Soluciones Satelitales S.A. (AR-SAT),806,799,796,789,793,791,791,791,794,799,801,804,806,810,810,812,806,772,769,767,763,755,745,734,722,713,707,699,689,676,667,662,664,660,658,653,648,648,648,659,656,656,658,665,673,675,674,685,685
Empresas y sociedades,Centro de Ensayos de Alta Tecnología (CEATSA),1,1,1,1,1,1,1,1,1,1,1,1,1,1,1,1,1,1,1,1,1,1,1,1,1,1,1,1,1,1,1,1,1,-,-,-,-,-,-,-,-,-,-,-,-,-,///,///,///
Empresas y sociedades,Contenidos Públicos S.E.,263,259,257,253,247,246,233,250,263,260,252,255,256,256,244,245,234,231,204,196,191,185,184,184,181,197,163,159,141,135,130,131,138,139,134,134,134,132,131,133,128,122,121,120,119,116,115,103,103
Empresas y sociedades,Correo Oficial de la República Argentina S.A.,17987,18091,17868,17792,17734,17683,17598,17512,17419,17356,17245,17177,17103,17062,17016,16967,16897,16856,16775,16617,16406,15907,13653,12854,12781,12738,12670,12603,12446,12276,12192,12138,12110,12037,11952,11981,11851,11834,11779,11742,11665,11613,11566,11523,11448,11398,11432,11319,11279
Empresas y sociedades,Radio y Televisión Argentina S.E. (RTA S.E.),2415,2407,2395,2392,2382,2378,2364,2396,2388,2383,2397,2398,2393,2388,2382,2446,2442,2427,2406,2401,2387,2361,2328,2313,2305,2281,2218,2370,2311,2292,2281,2270,2260,2246,2237,2225,2206,2194,2188,2179,2174,2165,2150,2142,2138,2129,2117,1986,1953
Empresas y sociedades,Agencia de Publicidad del Estado S.A.U (APE SAU),829,827,829,829,829,829,829,829,829,829,829,829,829,829,829,810,810,793,781,778,769,743,622,422,416,415,193,180,178,178,170,170,167,166,166,166,168,169,170,169,166,170,172,170,171,172,173,171,171
Empresas y sociedades,VENG S.A.,468,472,472,471,474,473,473,475,474,473,475,475,474,473,471,470,469,466,463,459,458,455,453,453,449,446,439,436,436,428,425,421,418,413,389,387,387,388,386,386,370,372,374,377,379,380,378,376,377
Empresas y sociedades,Construcción de Vivienda para la Armada S.A.U. (COVIARA SAU),48,48,48,48,48,48,46,47,47,47,47,46,46,46,46,46,46,46,46,41,38,39,39,39,39,38,38,39,37,36,32,31,31,31,31,31,31,31,31,31,26,26,26,26,26,25,25,25,25
Empresas y sociedades,Fábrica Argentina de Aviones “Brig. San Martín” S.A. (FADEA),985,989,981,981,974,979,980,978,970,967,954,948,931,930,928,939,936,922,917,892,892,892,797,776,773,767,757,757,741,734,726,723,720,711,703,701,705,706,702,695,691,690,690,674,670,666,662,662,656
Empresas y sociedades,Fabricaciones Militares S.E.,1386,1393,1391,1393,1393,1396,1424,1421,1415,1424,1433,1434,1436,1441,1466,1471,1488,1478,1474,1461,1465,1448,1443,1446,1243,1243,1239,1220,1186,1142,1140,1138,1132,1120,1117,1100,1094,1092,1086,1088,1088,1086,1077,1072,1055,1038,1030,1023,1018
Empresas y sociedades,Talleres Navales Dársena Norte  S.A.C.I. y N. (TANDANOR),496,496,502,503,502,502,504,502,501,505,504,503,506,506,508,507,507,507,507,507,507,459,459,459,459,459,459,459,459,459,459,432,433,431,433,433,433,433,433,433,433,433,433,430,430,433,433,433,433
Empresas y sociedades,Banco de la Nación Argentina,17472,17614,17645,17668,17697,17671,17654,17657,17672,17723,17637,17774,17806,17851,17865,17820,17806,17688,17632,17620,17571,17524,17479,17446,17418,17382,17313,17266,17191,17041,16823,16646,16459,16289,16117,15975,15910,15838,15773,15737,15678,15598,15572,15540,15481,15438,15429,15443,15425
Empresas y sociedades,Banco de Inversión y Comercio Exterior S.A. (BICE),505,511,510,510,510,516,510,510,510,510,510,510,510,509,507,505,505,465,461,461,454,450,376,361,354,351,351,350,351,350,349,348,346,343,343,340,341,345,348,348,344,342,342,342,344,342,343,343,345
Empresas y sociedades,BICE Fideicomisos S.A.,183,187,187,187,187,187,187,185,186,187,186,185,184,184,184,184,184,183,169,169,169,154,153,141,137,141,144,146,149,149,149,142,137,137,136,136,133,133,132,133,132,132,130,129,130,129,116,107,107
Empresas y sociedades,Casa de Moneda S.A.U,1499,1503,1488,1473,1459,1452,1420,1418,1415,1412,1420,1411,1406,1418,1410,1411,1411,1411,1387,1381,1362,1346,1330,1320,1318,1318,1314,1310,1297,1268,1253,1123,881,839,835,829,827,815,812,790,783,732,715,714,714,696,696,694,694
Empresas y sociedades,Dioxitek S.A.,248,250,251,252,253,253,253,253,250,252,252,254,253,251,257,264,259,253,251,251,248,249,247,228,221,216,215,211,215,215,204,204,202,199,198,199,201,198,195,202,204,204,205,205,213,221,222,226,226
Empresas y sociedades,Enarsa Patagonia S.A.,4,4,4,3,3,3,3,3,3,3,3,3,3,3,3,3,3,3,3,3,3,3,3,3,3,3,1,1,1,1,1,1,1,1,1,1,1,1,1,1,1,1,1,1,1,1,1,1,1
Empresas y sociedades,Energía Argentina S.A.,401,399,406,409,407,407,405,398,388,384,384,377,374,373,376,374,368,369,368,370,363,366,366,366,344,337,325,325,325,321,320,319,313,313,315,310,307,306,304,304,304,304,305,303,303,305,301,301,301
Empresas y sociedades,Innovaciones Tecnológicas Agropecuarias S.A. (INTEA),38,40,40,40,40,40,40,41,42,42,41,43,44,43,43,43,44,43,41,41,41,41,41,41,44,41,41,41,41,39,39,39,39,39,38,37,37,37,37,37,37,37,37,37,36,36,36,36,35
Empresas y sociedades,Nación Bursátil S.A.,24,23,23,23,22,22,22,22,23,23,23,23,30,32,32,33,33,32,31,31,28,28,29,29,29,29,29,29,29,29,29,30,32,32,32,32,31,31,32,32,32,33,31,31,31,32,30,29,30
Empresas y sociedades,Nación Reaseguros S.A.,23,22,21,22,22,22,21,21,21,21,21,21,21,20,20,20,20,20,20,19,20,18,17,17,18,18,19,15,16,16,17,17,17,17,17,17,15,17,17,17,17,17,16,16,16,17,16,16,16
Empresas y sociedades,Nación Seguros de Retiro S.A.,16,16,16,16,16,16,16,16,16,16,16,16,16,16,16,16,16,16,12,12,12,11,11,11,11,11,11,11,11,11,11,11,11,11,11,11,10,10,10,10,10,11,11,11,11,11,11,11,11
Empresas y sociedades,Nación Seguros S.A.,825,825,823,819,816,814,810,805,800,802,797,799,803,808,809,809,812,813,796,791,798,778,767,767,780,785,788,795,778,776,767,771,772,774,774,775,776,769,770,766,765,758,763,764,770,770,772,772,773
Empresas y sociedades,Nación Servicios S.A.,1226,1225,1237,1240,1194,1195,1158,1139,1145,1092,1091,1061,1064,1039,1037,1032,1032,1027,1026,1026,1023,1023,1020,1022,1022,1020,1017,1024,1025,1032,1028,1026,1024,1027,1030,1031,1025,1019,1017,1019,1016,1009,1008,1006,995,990,982,979,966
Empresas y sociedades,Nucleoeléctrica Argentina S.A. (NASA),3157,3149,3136,3133,3133,3139,3132,3144,3148,3148,3147,3153,3165,3164,3174,3188,3209,3209,3194,3189,3189,3176,3170,3165,3150,3145,3117,3088,3056,3020,3011,3005,2998,2994,3000,2996,2989,2981,2973,2967,2953,2947,2941,2917,2914,2912,2903,2913,2906
Empresas y sociedades,Pellegrini S.A. G.F.C.I.,43,45,44,44,44,44,45,45,44,44,44,44,44,44,44,44,43,44,43,43,44,44,43,45,46,46,46,47,48,48,48,54,48,48,48,45,45,44,43,43,44,44,44,47,47,47,47,47,46
Empresas y sociedades,Polo Tecnológico Constituyentes S.A.,5,5,5,5,5,5,5,5,5,5,5,5,5,5,5,5,5,5,5,5,5,5,5,5,4,4,4,4,4,3,4,4,4,4,4,4,4,3,3,3,3,3,3,3,3,3,4,4,4
Empresas y sociedades,Termoeléctrica José de San Martín S.A.,83,82,85,85,85,85,84,84,84,87,87,88,83,87,86,85,84,83,84,84,84,83,83,84,83,83,82,82,82,82,83,83,83,83,83,83,84,83,82,83,80,82,84,84,84,82,83,84,84
Empresas y sociedades,Termoeléctrica Manuel Belgrano S.A.,86,84,81,81,80,80,81,81,81,81,82,83,83,83,84,83,83,82,81,82,82,83,84,83,83,82,82,84,84,84,83,83,82,80,84,82,83,84,85,85,84,80,80,80,80,80,80,81,81
Empresas y sociedades,Vientos de la Patagonia I,1,1,1,1,1,1,1,0,0,0,0,0,0,0,0,0,-,-,-,-,-,-,-,-,-,-,-,-,-,-,-,-,-,-,-,-,-,-,-,-,-,-,-,-,-,-,-,-,-
Empresas y sociedades,Educar S.A.U.,398,407,404,407,404,419,444,444,450,460,466,470,472,464,461,464,446,458,452,443,409,409,403,401,366,363,339,331,327,325,211,213,215,214,212,212,212,200,176,176,176,204,172,172,172,171,172,170,168
Empresas y sociedades,Radio Universidad Nacional del Litoral S.A. (LT10),84,83,82,82,82,82,82,81,80,79,79,79,79,80,80,80,81,81,81,80,80,79,79,76,78,76,76,76,76,76,76,76,76,76,76,76,76,76,76,76,76,76,76,76,76,76,76,76,76
Empresas y sociedades,SRT Radio Universidad Nacional de Córdoba,293,291,291,289,288,286,286,267,271,279,282,286,285,282,282,283,283,283,248,270,269,246,246,246,246,246,246,246,246,246,246,246,246,246,246,246,246,246,246,246,246,246,246,246,246,246,246,246,246
Empresas y sociedades,Administración de Infraestructuras Ferroviarias S.E. (ADIFSE),740,739,747,743,739,733,726,722,721,720,718,716,712,712,710,707,704,692,673,656,647,617,523,493,487,485,485,482,475,475,472,469,466,467,465,465,465,461,460,458,455,455,453,452,448,444,440,440,439
Empresas y sociedades,Administración General de Puertos S.A.U. (en liquidación),758,767,761,758,763,764,790,788,799,802,807,804,776,784,783,782,780,781,752,715,606,583,581,578,586,590,587,588,592,599,582,560,532,533,546,548,546,541,541,544,545,554,557,578,587,585,587,585,594
Empresas y sociedades,Aerolíneas Argentinas S.A.,11426,11427,11449,11536,11610,11683,11785,11838,11869,11857,11865,11920,11954,11947,11942,11915,11899,11926,11892,11851,11810,11577,11488,11436,11386,11386,10592,10445,10445,10392,10341,10316,10266,10154,10119,10131,10148,10117,10043,10012,10013,10027,10018,9986,9973,9916,9920,9909,9976
Empresas y sociedades,Belgrano Cargas y Logística S.A.,4676,4676,4661,4660,4660,4660,4660,4660,4660,4656,4656,4654,4654,4647,4644,4634,4631,4644,4642,4624,4596,4589,4589,4589,4454,4442,4431,4426,4416,4377,4347,4331,4314,4298,4273,4273,4243,4233,4220,4080,4070,4065,4055,4053,4047,4037,4025,4021,4010
Empresas y sociedades,Desarrollo de Capital Humano Ferroviario S.A.C.P.E.M.,1355,1355,1355,1355,1342,1345,1212,1212,1210,1208,1208,1208,1216,1217,1223,1218,1078,1073,1050,1048,1048,979,940,932,906,860,470,177,41,3,3,///,///,///,///,///,///,///,///,///,///,///,///,///,///,///,///,///,///
Empresas y sociedades,Empresa Argentina de Navegación Aérea S.E. (EANA),2380,2383,2380,2377,2372,2371,2369,2371,2404,2415,2424,2423,2431,2440,2466,2472,2472,2488,2484,2481,2481,2464,2464,2419,2419,2407,2383,2386,2379,2372,2369,2361,2362,2304,2297,2297,2297,2293,2293,2287,2292,2288,2288,2288,2288,2288,2288,2288,2284
Empresas y sociedades,Ferrocarriles Argentinos S.E. (FASE),17,32,37,49,52,53,59,64,69,73,75,74,74,74,74,74,73,74,73,76,85,84,83,89,90,89,75,344,480,507,489,496,498,494,492,490,485,486,486,487,475,495,494,495,495,496,498,500,501
Empresas y sociedades,Intercargo S.A.U.,1611,1615,1615,1603,1605,1623,1638,1654,1668,1670,1675,1672,1677,1674,1675,1673,1665,1657,1655,1650,1650,1646,1604,1594,1588,1576,1564,1555,1554,1549,1549,1549,1551,1549,1546,1555,1551,1552,1548,1551,1562,1573,1573,1571,1563,1555,1551,1547,1535
Empresas y sociedades,Operadora Ferroviaria S.E.,24173,24185,24141,24069,24060,24032,24007,23967,23924,23897,23863,23855,23846,23825,23823,23833,23834,23812,23743,23675,23618,23555,23456,23400,23320,23271,23160,22943,22756,22582,22501,22243,22078,21928,21541,21033,20873,20718,20569,20459,20308,20197,20197,20066,19930,19826,19725,19626,19529
Empresas y sociedades,Playas Ferroviarias de Buenos Aires S.A.,19,19,19,19,19,18,18,19,19,21,21,21,21,21,21,21,21,20,18,13,17,17,17,17,17,16,16,16,16,18,18,18,18,19,19,19,19,21,21,21,21,21,21,20,25,25,26,30,28
Empresas y sociedades,Agua y Saneamientos Argentinos S.A. (AYSA),7650,7680,7687,7682,7689,7690,7687,7695,7710,7718,7741,7740,7754,7771,7773,7788,7799,7790,7769,7723,7488,7228,6896,6717,6717,6474,6450,6426,6400,6361,6336,6306,6284,6251,6222,6205,6181,6152,6128,6113,6095,6069,6047,6032,5993,5973,5955,5944,5933
Empresas y sociedades,Corredores Viales S.A.,3997,3963,3928,3923,3893,4171,4324,4312,4224,4010,3944,3970,4183,4154,4037,3967,3940,4136,4300,4260,4114,3649,3562,3583,3661,3669,3669,3622,3622,3622,3622,3832,3766,3634,3403,3323,3352,3352,3341,3341,3233,3245,3399,3245,3245,3245,3245,3245,3245
